-- Adminer 4.8.1 MySQL 5.5.5-10.4.21-MariaDB-1:10.4.21+maria~focal dump

SET NAMES utf8;
SET time_zone = '+00:00';
SET foreign_key_checks = 0;
SET sql_mode = 'NO_AUTO_VALUE_ON_ZERO';

SET NAMES utf8mb4;

TRUNCATE `activity`;
INSERT INTO `activity` (`id`, `created_at`, `deleted_at`, `name`) VALUES
(1,	'2023-04-20 20:12:37',	NULL,	'개인방문'),
(2,	'2023-04-20 20:12:37',	NULL,	'예능/자컨'),
(3,	'2023-04-20 20:12:37',	NULL,	'MV/앨범'),
(4,	'2023-04-20 20:12:37',	NULL,	'기타활동'),
(5,	'2023-04-20 20:12:37',	NULL,	'광고/화보'),
(6,	'2023-04-20 20:12:37',	NULL,	'MD');

TRUNCATE `member`;

TRUNCATE `place`;
INSERT INTO `place` (`id`, `created_at`, `deleted_at`, `address`, `description`, `images`, `name`, `point`, `rating`, `region_id`, `title`, `visit_date`) VALUES
(5,	'2023-04-20 21:41:43',	NULL,	'서울 강남구 도산대로 441',	'도산대로에 위치한 비영리 전시공간',	'https://pbs.twimg.com/media/Fld_6KwaYAEh3ZM?format=jpg&name=small',	'송은',	GeomFromText('POINT(127.044120642323 37.5241627891516)', SRID(point)),	0,	1,	'230102 도영 인스타그램',	'20230102'),
(6,	'2023-04-20 21:41:43',	NULL,	'경기 파주시 탄현면 새오리로161번길 17',	'순수 음악감상을 위한 문화공간',	'https://pbs.twimg.com/media/Fkl0XgGaMAARMUJ?format=jpg&name=small',	'콩치노콩크리트',	GeomFromText('POINT(126.686400343152 37.7966733144399)', SRID(point)),	0,	2,	'도재정 크리스마스캐롤 메들리 촬영장소',	'20221223'),
(7,	'2023-04-20 21:41:44',	NULL,	'서울 성동구 서울숲2길 48',	'우리의 마음은 127도! 감성가득 요리주점',	'https://pbs.twimg.com/media/FlEbHqPagAMQp-h?format=jpg&name=900x900',	'노가리마켓 서울숲',	GeomFromText('POINT(127.043853544301 37.5461771283062)', SRID(point)),	0,	1,	'❮술찌즈 : 쫄들의 연말 모임❯ 촬영장소',	'20221228'),
(8,	'2023-04-20 21:41:44',	NULL,	'서울 강남구 도산대로90길 3',	'쟈니가 추천한 엔시티 단골 소고기 맛집. 깨알정보: 도영은 Ay-Yo 컴백기념 라이브에서 멤버들이 생일을 열렬히 축하해주자 “오늘 어떻게, 영천영화 가?”라고 언급하기도 했다.',	'https://pbs.twimg.com/media/FjX4hbLacAEWG21?format=jpg&name=900x900',	'영천영화',	GeomFromText('POINT(127.049578728066 37.523959970849)', SRID(point)),	0,	1,	'엔시티 공식 맛집 / 쟈니 x 영국남자 유튜브 촬영장소 / 200712 양양 인스타그램',	'20221207'),
(9,	'2023-04-20 21:41:44',	NULL,	'서울 은평구 북한산로 255',	'직접 뽑은 막국수가 일품인 막국수 맛집',	'https://pbs.twimg.com/media/FjYvI7CacAAupJ1?format=jpg&name=small',	'둔내막국수 북한산본점',	GeomFromText('POINT(126.93793675522 37.653042231943)', SRID(point)),	0,	1,	'Welcome to NCT Universe 식당',	'20221208'),
(10,	'2023-04-20 21:41:44',	NULL,	'서울 중구 장충단로8길 37 5층',	'여행 분위기 제대로 느낄 수 있는 럭셔리 홈스테이형 숙소. 숙소 안내→ http://www.glimpse.co.kr/',	'https://pbs.twimg.com/media/FjeGv1daUAEpCAC?format=jpg&name=small',	'Glimpse',	GeomFromText('POINT(127.008601741328 37.5623407501621)', SRID(point)),	0,	1,	'Welcome to NCT Universe 숙소',	'20221209'),
(11,	'2023-04-20 21:41:44',	NULL,	'서울 강남구 선릉로155길 21',	'돈코츠라멘과 마제소바가 유명한 정통 일본식 라멘집',	'https://pbs.twimg.com/media/Fd_GTtCagAUjHsW?format=jpg&name=small',	'갓포라멘',	GeomFromText('POINT(127.037938072114 37.5254955370963)', SRID(point)),	0,	1,	'221001 헨드리 인스타 스토리',	'20221001'),
(12,	'2023-04-20 21:41:44',	NULL,	'경기 남양주시 별내면 청학로54번길 122 1층 , 2층',	'알파카가 있는 남양주 반려동물카페',	'https://pbs.twimg.com/media/FhGNmEBaEAEm6KT?format=jpg&name=small',	'카페 옴뇸뇸',	GeomFromText('POINT(127.127610529619 37.7161702102543)', SRID(point)),	0,	2,	'성타로 in 알파카카페',	'20221108'),
(13,	'2023-04-20 21:41:44',	NULL,	'경기 고양시 덕양구 북한산로368번길 89',	'한옥 독채에서 캠핑/캠크닉이 가능한 카페',	'https://pbs.twimg.com/media/FhwYPlcaUAAviOE?format=jpg&name=small',	'북한산 플레이',	GeomFromText('POINT(126.950786026164 37.6559673850846)', SRID(point)),	0,	2,	'Welcome to NCT Universe 촬영장소',	'20221117'),
(14,	'2023-04-20 21:41:44',	NULL,	'서울 강남구 선릉로158길 18',	'NCT 127 24hr RELAY CAM에서 마크와 유타도 방문했던 그 장소',	'https://pbs.twimg.com/media/FhAyG9oaMAAri4W?format=jpg&name=small;https://pbs.twimg.com/media/EIiFgLuUYAgam49?format=jpg&name=large',	'Goshen <고센>',	GeomFromText('POINT(127.041432441138 37.5252104571406)', SRID(point)),	0,	1,	'NCT 127 24hr RELAY CAM 마크 식당 (with 유타) / 221108 태일 인스타그램',	'20221108'),
(15,	'2023-04-20 21:41:44',	NULL,	'서울 영등포구 여의대로 108 더현대 서울',	'이 장소에 대한 정보가 따로 없어요. 정보를 추가하고 싶다면 히어시티 SNS로 해당 장소에 대한 설명을 보내주세요:)',	'https://pbs.twimg.com/media/FgIhYLraAAE0Jh3?format=jpg&name=small',	'The Hyundai 현대백화점 더현대 서울',	GeomFromText('POINT(126.929112756574 37.5251913154781)', SRID(point)),	0,	1,	'221028 태일 인스타그램',	'20221028'),
(16,	'2023-04-20 21:41:44',	NULL,	'대전 유성구 엑스포로 107',	'대전시즈니들 탄식한 전설의 성심당사건…튀소만 사지 말고 튀김주먹밥, 올리브치아바타, 작은메아리, 앙버터빵, 토요빵, 우리밀양파빵, 찹쌀방망이 등등도 꼭 먹어주세요..',	'https://postfiles.pstatic.net/MjAyMzAzMzBfMjQy/MDAxNjgwMTc3ODM0MjU5.rmKzahOCEIwWDxNm0TsTgJlPC_0abMcb8_y0bQEi9Nsg.lHmnHZVX-gfk_K-QWrO_W13mO9fxUbKPoswDkEL1R2Ug.PNG.nct2020nana/%EC%8A%A4%ED%81%AC%EB%A6%B0%EC%83%B7(175).png?type=w966;https://postfiles.pstatic.net/MjAyMzAzMzBfMjc5/MDAxNjgwMTc3ODI5NDg4.xWa0Thu1KG1sUreIx7MpZ-uIZByS2dTPifx17pcyTMIg.tiGU6Kr0Q_W-Wctz2KHTvP6rs24BU_6AOYrkBEA6AV0g.PNG.nct2020nana/%EC%8A%A4%ED%81%AC%EB%A6%B0%EC%83%B7(174).png?type=w966',	'성심당 DCC점',	GeomFromText('POINT(127.391691688287 36.3749837305732)', SRID(point)),	0,	3,	'질쭈고 #광주로#대전으로 화제의 성심당',	'20220929'),
(17,	'2023-04-20 21:41:44',	NULL,	'대구 중구 문우관길 19',	'대구짠! 우리칠이 대구팬싸 마치고 회식라이브 즐긴 펍. 깨알정보: 해찬이가 마시고 감탄한 도영이 술은 \'패트러스 에이지드 레드\'',	'https://pbs.twimg.com/media/FdbHq2BaIAAI6xL?format=jpg&name=900x900',	'버내너펍',	GeomFromText('POINT(128.590048696312 35.8644407915745)', SRID(point)),	0,	4,	'즉석 회식라이브 <질주PUB>',	'20220924'),
(18,	'2023-04-20 21:41:44',	NULL,	'부산 해운대구 달맞이길104번길 46',	'위가 온천에 들어온 느낌, 우리칠도 극찬한 대구탕 맛집',	'https://pbs.twimg.com/media/FdqnTzoacAACoU7?format=jpg&name=small',	'해운대기와집대구탕',	GeomFromText('POINT(129.17452666524 35.1581754881784)', SRID(point)),	0,	5,	'질쭈고 #부산으로#대구로 대구탕집',	'20220927'),
(19,	'2023-04-20 21:41:44',	NULL,	'경기 고양시 덕양구 대서문길 375',	'이 장소에 대한 정보가 따로 없어요. 정보를 추가하고 싶다면 히어시티 SNS로 해당 장소에 대한 설명을 보내주세요:)',	'https://pbs.twimg.com/media/FdAAeXLaIAMZFW6?format=jpg&name=small;https://pbs.twimg.com/media/FdAAeXTaEAAo7iW?format=jpg&name=small',	'북한산 비봉 응봉능선',	GeomFromText('POINT(126.974238411543 37.645252418826)', SRID(point)),	0,	2,	'220919 런쥔 인스타그램 등산',	'20220919'),
(20,	'2023-04-20 21:41:44',	NULL,	'서울 강남구 도산대로45길 10-4',	'당근케이크맛집으로 유명한 도산공원카페',	'https://pbs.twimg.com/media/FdqmvhzagAIObS6?format=jpg&name=small',	'세시셀라 도산공원점',	GeomFromText('POINT(127.036165585331 37.5231606049458)', SRID(point)),	0,	1,	'220927 유타 인스타 스토리',	'20220927'),
(21,	'2023-04-20 21:41:44',	NULL,	'서울 강남구 압구정로 416 Trinity 빌딩 지하1층',	'분위기 좋은 청담동 브런치 카페',	'https://postfiles.pstatic.net/MjAyMzAzMzBfMjg1/MDAxNjgwMTc2NDYxOTQx.nzj0dv6Pxsg5Dp_i3af4FRdVrnHgdgafIPJzVhFthFsg.KGncJ_e6UefFmyJ8a6UrbNQzXOkyFk6011NxTBH5adUg.PNG.nct2020nana/%EB%B2%84%EB%B8%94%EC%A7%80%EC%84%B1.png?type=w966',	'10꼬르소꼬모 카페 청담점',	GeomFromText('POINT(127.04240393602 37.5269289539938)', SRID(point)),	0,	1,	'220920 태용 버블',	'20220920'),
(22,	'2023-04-20 21:41:44',	NULL,	'서울특별시 성동구 연무장3길 6',	'이 장소에 대한 정보가 따로 없어요. 정보를 추가하고 싶다면 히어시티 SNS로 해당 장소에 대한 설명을 보내주세요:)',	'https://pbs.twimg.com/media/Fc9HPEoakAAeB5O?format=jpg&name=small',	'Peaches D8NE 근처',	GeomFromText('POINT(127.051579151478 37.5441964034721)', SRID(point)),	0,	1,	'220919 태일 인스타그램',	'20220919'),
(23,	'2023-04-20 21:41:44',	NULL,	'서울 성동구 연무장3길 9 피치스 도원',	'자동차 문화를 기반으로 한 스트리트 브랜드 \'Peaches\'의 오프라인 스토어',	'https://pbs.twimg.com/media/FbLYIKOaIAczjKh?format=jpg&name=900x900',	'피치스 도원 (Peaches D8NE)',	GeomFromText('POINT(127.051334263767 37.5446661109867)', SRID(point)),	0,	1,	'NCT127 \'질주 (2 Baddies)\' MV 촬영장소',	'20220828'),
(24,	'2023-04-20 21:41:44',	NULL,	'경기 용인시 기흥구 신정로 221',	'힙한 느낌 가득한 용인바이크카페',	'https://pbs.twimg.com/media/Fa02_aRaMAAvIEM?format=jpg&name=900x900;https://pbs.twimg.com/media/Fa1OfZtaIAE7MDX?format=jpg&name=small;https://pbs.twimg.com/media/Fa1OfZkagAAnLpX?format=jpg&name=small',	'롤링트라이브',	GeomFromText('POINT(127.099118372822 37.2886555013165)', SRID(point)),	0,	2,	'NCT127 \'질주 (2 Baddies)\' MV 촬영장소 / 220823 도영 인스타 스토리',	'20220823'),
(25,	'2023-04-20 21:41:44',	NULL,	'서울 마포구 증산로 87',	'마포석유비축기지의 공간적 특성을 살려 조성한 친환경 복합 문화공간.',	'https://pbs.twimg.com/media/FaWf6lzaMAA6-C_?format=jpg&name=small',	'문화비축기지',	GeomFromText('POINT(126.895031420115 37.5703466887615)', SRID(point)),	0,	1,	'SHOWME S2 #02 : #JOHNNY 티저 촬영장소 / 220817 쟈니 인스타그램',	'20220817'),
(26,	'2023-04-20 21:41:44',	NULL,	'충남 태안군 원북면',	'사막의 분위기를 느낄 수 있는 이색적인 곳',	'https://pbs.twimg.com/media/FaRhjUJacAA_scm?format=jpg&name=small;https://pbs.twimg.com/media/FaRhCawaUAAd1oz?format=jpg&name=small',	'신두리해수욕장',	GeomFromText('POINT(126.257125053878 36.8234925898823)', SRID(point)),	0,	6,	'재현 \'Forever Only\' MV 촬영장소',	'20220818'),
(27,	'2023-04-20 21:41:44',	NULL,	'서울 성동구 왕십리로 83-21',	'이 장소에 대한 정보가 따로 없어요. 정보를 추가하고 싶다면 히어시티 SNS로 해당 장소에 대한 설명을 보내주세요:)',	'https://pbs.twimg.com/media/FZ-kp7kWYAcpyTU?format=jpg&name=small',	'보마켓 서울숲점',	GeomFromText('POINT(127.043357753557 37.5441547484979)', SRID(point)),	0,	1,	'220812 도영 버블 with 정우',	'20220812'),
(28,	'2023-04-20 21:41:44',	NULL,	'경기 용인시 처인구 모현읍 문형동림로 189',	'분위기 좋은 용인 브런치카페&레스토랑',	'https://pbs.twimg.com/media/Fa0z03ZakAEu7G3?format=jpg&name=small;https://pbs.twimg.com/media/Fa0z1S4aAAcoXeP?format=jpg&name=small',	'Joain Cafe&Studio',	GeomFromText('POINT(127.184924966054 37.3302724928238)', SRID(point)),	0,	2,	'재현 VOGUExPRADA 화보 촬영',	'20220823'),
(29,	'2023-04-20 21:41:44',	NULL,	'경기 광주시 파발로 207-7',	'레트로빈티지 무드 카페.',	'https://pbs.twimg.com/media/FQzJKVqaIAEsa59?format=jpg&name=small;https://pbs.twimg.com/media/FPkNURnaUAUicke?format=jpg&name=small',	'머메이드레시피 - Mermaid’s Recipe',	GeomFromText('POINT(127.248684641194 37.4165734300161)', SRID(point)),	0,	2,	'NCT 127 Baker House 촬영장소 / 220405 쟈니 인스타그램 / 220420 정우 인스타 스토리',	'20220526'),
(30,	'2023-04-20 21:41:44',	NULL,	'경기 가평군 청평면 경춘로 1436 에덴스포츠타운',	'수영, 볼링, 사우나, 테니스 등 다양한 실내 체육을 즐길 수 있는 복합스포츠센터..이지만 도영이처럼 관람차를 배경으로 사진 찍으면 세상 예쁘게 나오는 포토스팟!',	'https://pbs.twimg.com/media/FRHZDnFacAcg8Kp?format=jpg&name=small;https://pbs.twimg.com/media/FRHZDnHaUAINEva?format=jpg&name=small',	'에덴스포츠타운',	GeomFromText('POINT(127.464468361187 37.7773024727085)', SRID(point)),	0,	2,	'도영 W Korea 화보 촬영',	'20220424'),
(31,	'2023-04-20 21:41:44',	NULL,	'서울 강남구 강남대로152길 40 석천빌딩',	'질 좋은 스시들을 맛볼 수 있는 신사 회전초밥 전문점',	'https://pbs.twimg.com/media/FQx6a34aMAYM_s7?format=jpg&name=small',	'',	GeomFromText('POINT(127.022536590979 37.5179856575883)', SRID(point)),	0,	1,	'220420 유타 인스타 스토리갓덴스시 신사점',	'20220420'),
(32,	'2023-04-20 21:41:44',	NULL,	'서울 강남구 도산대로 310',	'와인모임하기 좋은 콜키지프리 레스토랑',	'https://postfiles.pstatic.net/MjAyMzAzMzBfMjg1/MDAxNjgwMTc2NDYxOTQx.nzj0dv6Pxsg5Dp_i3af4FRdVrnHgdgafIPJzVhFthFsg.KGncJ_e6UefFmyJ8a6UrbNQzXOkyFk6011NxTBH5adUg.PNG.nct2020nana/%EB%B2%84%EB%B8%94%EC%A7%80%EC%84%B1.png?type=w966',	'마켓오 압구정점',	GeomFromText('POINT(127.035475775373 37.5215381083611)', SRID(point)),	0,	1,	'220422 도영 버블',	'20220422'),
(33,	'2023-04-20 21:41:44',	NULL,	'서울 송파구 올림픽로 300 지하1층',	'국내 최대 이색카페 아쿠아리움카페. 깨알정보: 태용이가 먹은 케이크는 \'아쿠아망고 프로마쥬\'와 \'후레즈케익\'',	'https://pbs.twimg.com/media/FSzYJ9yWYAE56Id?format=jpg&name=900x900;https://pbs.twimg.com/media/FSzYJ8AWQAAIujf?format=jpg&name=small',	'아쿠아가든카페 롯데월드타워점',	GeomFromText('POINT(127.104446890835 37.5137519612953)', SRID(point)),	0,	1,	'[TY Vlog] 툥-하! 툥이의 첫 브이로그 물고기카페',	'20220515'),
(34,	'2023-04-20 21:41:44',	NULL,	'경기 남양주시 와부읍 팔당로 124',	'팔당 유럽풍의 정원 있는 카페',	'https://pbs.twimg.com/media/FPkRTncaQAUU6tB?format=jpg&name=small',	'아벨커피',	GeomFromText('POINT(127.245009301483 37.5456406949886)', SRID(point)),	0,	2,	'220323 도영 인스타그램',	'20220323'),
(35,	'2023-04-20 21:41:44',	NULL,	'서울 강남구 논현로 636',	'완벽한 커피 한 잔을 위해, 최고의 커피 전문가들이 끊임없이 연구하는 이디야커피랩',	'https://pbs.twimg.com/media/FO3L_QiaMAQGuys?format=jpg&name=small',	'이디야커피랩 - Ediya Coffee Lab',	GeomFromText('POINT(127.032979505594 37.51047621899)', SRID(point)),	0,	1,	'220327 도영 인스타그램',	'20220327'),
(36,	'2023-04-20 21:41:44',	NULL,	'서울 용산구 보광로51길 4',	'저녁 7시 까지는 카페로, 7시 이후는 바로 운영되는 장소. 7시 이후 커피는 테이크아웃만 가능',	'https://pbs.twimg.com/media/FOD4IC9aAAEe-Rc?format=jpg&name=small;https://pbs.twimg.com/media/FN-vwamXIAcGP8y?format=jpg&name=small,https://pbs.twimg.com/media/Dgv50-xVMAAKUKw?format=jpg&name=medium',	'Apt Seoul',	GeomFromText('POINT(126.994687504792 37.5318734852993)', SRID(point)),	0,	1,	'NCT DREAM \'Glitch Mode\' 자켓 촬영장소 / 170217 NCT공계 텐',	'20220317'),
(37,	'2023-04-20 21:41:44',	NULL,	'경기 평택시 포승읍 만호리 697-17',	'BE A NEW YORKER! 한국에서 뉴욕을 즐길 수 있는 복합 문화 공간',	'https://pbs.twimg.com/media/FPqvoEgakAErhmd?format=jpg&name=small;https://pbs.twimg.com/media/FPqvoEeaUAo6f3G?format=jpg&name=small',	'메인스트리트 - Main Street',	GeomFromText('POINT(126.855787736176 36.9628549765107)', SRID(point)),	0,	2,	'220406 도영 인스타그램',	'20220406'),
(38,	'2023-04-20 21:41:44',	NULL,	'충남 태안군 남면 몽대로 360-9',	'별장형 프라이빗 글램핑&펜션',	'https://pbs.twimg.com/media/FNkJdzdakAA9JeL?format=jpg&name=small;https://pbs.twimg.com/media/FNkJWpkaUAAlTcr?format=jpg&name=900x900',	'CLUB596',	GeomFromText('POINT(126.268295344927 36.6836318463258)', SRID(point)),	0,	6,	'7llin’ in our Youth | EP.1 글램핑장',	'20220311'),
(39,	'2023-04-20 21:41:44',	NULL,	'충남 태안군 안면읍 병술만로 201',	'최고의 스릴과 재미를 느낄 수 있는 ATV 체험장',	'https://pbs.twimg.com/media/FPkSNW1aMAMZS-n?format=jpg&name=900x900',	'꽃지레포츠',	GeomFromText('POINT(126.346130583962 36.4734239472656)', SRID(point)),	0,	6,	'7llin’ in our Youth | EP.6 ATV체험',	'20220326'),
(40,	'2023-04-20 21:41:44',	NULL,	'서울 강남구 강남대로102길 41',	'유나이티드 제약회사에서 설립한 문화재단의 복합문화공간',	'https://pbs.twimg.com/media/FNAy8v3agAA-fIt?format=jpg&name=small',	'유나이티드 갤러리',	GeomFromText('POINT(127.028039529728 37.5035654348927)', SRID(point)),	0,	1,	'220304 도영 인스타그램 갤러리',	'20220304'),
(41,	'2023-04-20 21:41:44',	NULL,	'서울 강남구 압구정로80길 13 지하1층',	'소박한 한국적 디자인을 사랑하는 청담동 떡집',	'https://pbs.twimg.com/media/FMg1RPVVIAMdgKW?format=jpg&name=small',	'합(合)',	GeomFromText('POINT(127.045729058195 37.5247013371341)', SRID(point)),	0,	1,	'220226 태용 인스타 스토리',	'20220226'),
(42,	'2023-04-20 21:41:44',	NULL,	'서울 강남구 논현로155길 11',	'깨알정보: 정우픽은 미숫가루 애플망고 다크초코. 특히 미숫가루맛이 댕맛있다 한다.',	'https://postfiles.pstatic.net/MjAyMzAzMzBfMjg1/MDAxNjgwMTc2NDYxOTQx.nzj0dv6Pxsg5Dp_i3af4FRdVrnHgdgafIPJzVhFthFsg.KGncJ_e6UefFmyJ8a6UrbNQzXOkyFk6011NxTBH5adUg.PNG.nct2020nana/%EB%B2%84%EB%B8%94%EC%A7%80%EC%84%B1.png?type=w966',	'아가젤라또',	GeomFromText('POINT(127.027106840691 37.5217198954424)', SRID(point)),	0,	1,	'210728 정우 버블 젤라또집',	'20210728'),
(43,	'2023-04-20 21:41:44',	NULL,	'인천 중구 대무의로 369',	'이 장소에 대한 정보가 따로 없어요. 정보를 추가하고 싶다면 히어시티 SNS로 해당 장소에 대한 설명을 보내주세요:)',	'https://pbs.twimg.com/media/FNA573HaUAAY0K4?format=jpg&name=small',	'이솔로또피자',	GeomFromText('POINT(126.428536873518 37.3851456651911)', SRID(point)),	0,	7,	'220109 도영 인스타그램',	'20220109'),
(44,	'2023-04-20 21:41:44',	NULL,	'서울 성동구 성수이로 78',	'공장을 개조해 만든 성수동 창고형 갤러리 카페',	'https://pbs.twimg.com/media/FMac3OdacAY4rlC?format=jpg&name=small;https://pbs.twimg.com/media/FMac38caQAA_YB-?format=jpg&name=small',	'대림창고',	GeomFromText('POINT(127.056647865179 37.5416392066484)', SRID(point)),	0,	1,	'220225 태용 인스타그램',	'20220225'),
(45,	'2023-04-20 21:41:44',	NULL,	'서울 용산구 독서당로20길 9-6',	'We look good~ Tailoring our own suits👔 | Johnny’s Communication Center (JCC) Ep.32',	'https://pbs.twimg.com/media/FMW6dgXVQAAeoFR?format=jpg&name=900x900',	'포르멘테라 - FORMENTERA',	GeomFromText('POINT(127.009066592786 37.5334243302035)', SRID(point)),	0,	1,	'220224 JCC 쟈씨씨 EP.32 쟈니 재현 테일러샵',	'20220224'),
(46,	'2023-04-20 21:41:44',	NULL,	'서울 용산구 보광로 42',	'https://ganaart.com',	'https://pbs.twimg.com/media/FMP8bLtagAQLXke?format=jpg&name=small;https://pbs.twimg.com/media/FMP8byjaUAEZji5?format=jpg&name=small',	'가나아트 보광',	GeomFromText('POINT(126.999410695049 37.5281265181209)', SRID(point)),	0,	1,	'220223 태용 인스타그램',	'20220223'),
(47,	'2023-04-20 21:41:44',	NULL,	'서울 성북구 선잠로2다길 13-13 지하1층',	'프라이빗한 예약제 카페',	'https://pbs.twimg.com/media/FLe52coVkAcm7en?format=jpg&name=small',	'오버스토리',	GeomFromText('POINT(126.999619290892 37.5987252651064)', SRID(point)),	0,	1,	'재현 for BURBERRY',	'20220214'),
(48,	'2023-04-20 21:41:44',	NULL,	'서울 마포구 마포나루길 467 한강공원망원지구사무소',	'이 장소에 대한 정보가 따로 없어요. 정보를 추가하고 싶다면 히어시티 SNS로 해당 장소에 대한 설명을 보내주세요:)',	'https://pbs.twimg.com/media/FMWlC-dUYAAv-hJ?format=png&name=small;https://pbs.twimg.com/media/FMWlEq2VUAQAO-T?format=jpg&name=small',	'망원한강공원',	GeomFromText('POINT(126.899887164828 37.5523429618711)', SRID(point)),	0,	1,	'220224 재현 인스타그램',	'20220224'),
(49,	'2023-04-20 21:41:44',	NULL,	'경기 남양주시 와부읍 경강로926번길 66',	'리버가든팔당 남양주 한강뷰 핫한 카페',	'https://pbs.twimg.com/media/FKWayA1VgAE49cs?format=jpg&name=small;https://pbs.twimg.com/media/FKWbQA6aMAIm0iH?format=jpg&name=small',	'폴콘 리버가든팔당',	GeomFromText('POINT(127.238144567973 37.550304422993)', SRID(point)),	0,	2,	'도영 Dear you, 버블 프로필 배경',	'20220130'),
(50,	'2023-04-20 21:41:44',	NULL,	'서울 마포구 와우산로29나길 18',	'홍대 서교동에 위치한 아메리칸 빈티지 스토어',	'https://pbs.twimg.com/media/FKWHu8XagAMXDeq?format=png&name=small',	'옴니피플헤비',	GeomFromText('POINT(126.927716691825 37.554566578001)', SRID(point)),	0,	1,	'220129 태용 인스타 스토리',	'20220129'),
(51,	'2023-04-20 21:41:44',	NULL,	'서울 강남구 압구정로60길 18',	'건강하고 깨끗한 음식으로 더 나은 라이프 스타일을 선사하는 즐거운 공간',	'https://pbs.twimg.com/media/FK0xvesaUAIIOn8?format=jpg&name=small;https://pbs.twimg.com/media/FK0xwO4aMAEhe49?format=jpg&name=large',	'SUN THE BUD 청담점',	GeomFromText('POINT(127.041701097341 37.5261871390011)', SRID(point)),	0,	1,	'220205 태용 인스타 스토리',	'20220225'),
(52,	'2023-04-20 21:41:44',	NULL,	'경기 화성시 서신면 제부리',	'이 장소에 대한 정보가 따로 없어요. 정보를 추가하고 싶다면 히어시티 SNS로 해당 장소에 대한 설명을 보내주세요:)',	'https://pbs.twimg.com/media/FJ9GyQtacAMt15y?format=jpg&name=small',	'제부도',	GeomFromText('POINT(126.625894958744 37.1715951991569)', SRID(point)),	0,	2,	'220125 쇼타로 인스타그램 with 쿤',	'20220125'),
(53,	'2023-04-20 21:41:45',	NULL,	'서울 강남구 압구정로 416',	'깨알정보: 쇼타로와 태용이의 포토스팟은 SELETI Lipstick Mirror',	'https://pbs.twimg.com/media/FJoObENaMAIh3jP?format=jpg&name=small',	'10꼬르소꼬모 청담점',	GeomFromText('POINT(127.04240393602 37.5269289539938)', SRID(point)),	0,	1,	'220121 쇼타로 인스타그램 with 태용',	'20220121'),
(54,	'2023-04-20 21:41:45',	NULL,	'서울 강남구 도산대로 310',	'와인모임하기 좋은 콜키지프리 레스토랑',	'https://pbs.twimg.com/media/FNA1gpLaIAEFcS6?format=jpg&name=small',	'마켓오 압구정점',	GeomFromText('POINT(127.035475775373 37.5215381083611)', SRID(point)),	0,	1,	'220304 도영 인스타그램 음식점',	'20220304'),
(55,	'2023-04-20 21:41:45',	NULL,	'경기 남양주시 고산로 42',	'전국 최대 규모의 수입그릇 할인 매장',	'https://pbs.twimg.com/media/FJO3hWraUAAEAz6?format=jpg&name=small',	'고구려상회',	GeomFromText('POINT(127.171144638936 37.5940256812261)', SRID(point)),	0,	2,	'220116 도영 인스타그램',	'20220116'),
(56,	'2023-04-20 21:41:45',	NULL,	'서울 강남구 선릉로 818 지하2층 스매싱볼 청담점',	'볼링장',	'https://pbs.twimg.com/media/E2cKngMUUAAX7Vn?format=jpg&name=small',	'스매싱볼 청담점',	GeomFromText('POINT(127.040052824742 37.5247412405926)', SRID(point)),	0,	1,	'220121 쇼타로 인스타그램 볼링 (with 태용) / 210528 태용 인스타그램',	'20220121'),
(57,	'2023-04-20 21:41:45',	NULL,	'인천 옹진군 영흥면 선재로 5',	'[WayV-log] KUN\'s Cloud (Ocean ver.) | 🎣 Mud Flat Exploration Ep.2',	'https://pbs.twimg.com/media/FIFhUnQVEAc4bd8?format=jpg&name=small;https://pbs.twimg.com/media/FIFhUnRVIAEBO_9?format=jpg&name=small',	'선재어촌체험마을',	GeomFromText('POINT(126.537224694904 37.2329127508857)', SRID(point)),	0,	7,	'[WayV-log] KUN\'s Cloud EP.2 갯벌체험',	'20220102'),
(58,	'2023-04-20 21:41:45',	NULL,	'경기 구리시 아차산로 103',	'구리 드라이브 명소',	'https://pbs.twimg.com/media/FIQ6yCXXwAgjV5t?format=jpg&name=small;https://pbs.twimg.com/media/FIQ6yBuUcAEXprw?format=jpg&name=small',	'루나103',	GeomFromText('POINT(127.116985773203 37.5676579050687)', SRID(point)),	0,	2,	'220104 도영 인스타그램',	'20220104'),
(59,	'2023-04-20 21:41:45',	NULL,	'인천 중구 영종해안남로321번길 186',	'밤의 유원지를 컨셉으로 한 놀이와 축제가 가득한 가족형 실내 테마파크',	'https://pbs.twimg.com/media/EjySfV_UwAAMKn8?format=jpg&name=large;https://pbs.twimg.com/media/FIAIldYVIAMAxLT?format=jpg&name=900x900',	'파라다이스시티 원더박스 (Wonderbox)',	GeomFromText('POINT(126.455768727895 37.437211074757)', SRID(point)),	0,	7,	'NCT DREAM \'무대로 (Déjà Vu;舞代路)\' Track Video 촬영장소 / 샤오쥔 SMTOWN LIVE 2022 : SMCU EXPRESS',	'20220101'),
(60,	'2023-04-20 21:41:45',	NULL,	'서울 종로구 송월길 14-3',	'서울 100년의 이야기를 전시, 공연, 교육, 모임을 통해 몸소 체험할 수 있는 역사문화공간. 매주 월요일 휴관. 무료개방.',	'https://pbs.twimg.com/media/FHD5utRVQAQVVT4?format=jpg&name=small;https://pbs.twimg.com/media/FHD5uwzUYAM6O4N?format=jpg&name=small;https://pbs.twimg.com/media/FHD5u5wUUAQX3kw?format=jpg&name=small',	'돈의문박물관마을',	GeomFromText('POINT(126.968525728353 37.5688253913595)', SRID(point)),	0,	1,	'우리 식구 됐어요 EP.3 촬영지',	'20211221'),
(61,	'2023-04-20 21:41:45',	NULL,	'경기 화성시 팔탄면 시청로 895-20 로얄앤컴퍼니 화성센터',	'욕실에서 영감받은 베이커리 카페',	'https://pbs.twimg.com/media/FGkQ0_VVEAEpcMG?format=jpg&name=small;https://pbs.twimg.com/media/FGkRHB8VcAQitrj?format=jpg&name=900x900',	'로얄엑스 클럽',	GeomFromText('POINT(126.88670429856 37.1711761801306)', SRID(point)),	0,	2,	'NCT 2021 \'Beautiful\' MV 촬영지',	'20211214'),
(62,	'2023-04-20 21:41:45',	NULL,	'서울 동작구 노들로 688',	'이 장소에 대한 정보가 따로 없어요. 정보를 추가하고 싶다면 히어시티 SNS로 해당 장소에 대한 설명을 보내주세요:)',	'https://pbs.twimg.com/media/FGfkfTtVgAEgdtA?format=jpg&name=small',	'노량진야구장',	GeomFromText('POINT(126.944524315699 37.5150119197712)', SRID(point)),	0,	1,	'NCT 2021 \'Beautiful\' MV 촬영지 / 211117 헨드리 인스타그램 / 211213 도영 인스타그램',	'20211214'),
(63,	'2023-04-20 21:41:45',	NULL,	'서울 용산구 이촌로 303',	'Beautiful\' 뮤비 50초 단체 장면',	'https://pbs.twimg.com/media/FGkPaEFVgAQdblx?format=jpg&name=900x900;https://pbs.twimg.com/media/FGkPbJMVEAQPyOq?format=jpg&name=small',	'이촌현대아파트',	GeomFromText('POINT(126.98115440183 37.5189128959625)', SRID(point)),	0,	1,	'NCT 2021 \'Beautiful\' MV 촬영지',	'20211214'),
(64,	'2023-04-20 21:41:45',	NULL,	'인천 연수구 국제항만대로',	'Beautiful\' 뮤비 3분 11초 마크 장면, 3분 30초 단체 장면',	'https://pbs.twimg.com/media/FGkQQP7VkAQANko?format=jpg&name=900x900;https://pbs.twimg.com/media/FGbP3FqUcAAuN_q?format=jpg&name=small',	'인천, 송도 국제항만대로',	GeomFromText('POINT(126.613531977625 37.4179121727843)', SRID(point)),	0,	7,	'NCT 2021 \'Beautiful\' MV 촬영지',	'20211214'),
(65,	'2023-04-20 21:41:45',	NULL,	'서울 종로구 난계로27길 72 1층',	'수입 및 국내 빈티지 상품 도소매 판매',	'https://pbs.twimg.com/media/FGfzoTHVEAMC9pU?format=jpg&name=small;https://pbs.twimg.com/media/FGfzoPhVUAAPDHD?format=jpg&name=small',	'디엠빈티지 동묘1호점',	GeomFromText('POINT(127.019169758892 37.5726852814639)', SRID(point)),	0,	1,	'우리 식구 됐어요 EP.2 촬영지',	'20211214'),
(66,	'2023-04-20 21:41:45',	NULL,	'서울 강남구 삼성로146길 4',	'청담 돈까스와 덮밥',	'https://pbs.twimg.com/media/FFxhgxCVcAIUspu?format=jpg&name=small',	'소스',	GeomFromText('POINT(127.048542515408 37.522767654216)', SRID(point)),	0,	1,	'211204 태용 인스타 스토리',	'20211204'),
(67,	'2023-04-20 21:41:45',	NULL,	'경기 파주시 탄현면 얼음실로 40',	'이 장소에 대한 정보가 따로 없어요. 정보를 추가하고 싶다면 히어시티 SNS로 해당 장소에 대한 설명을 보내주세요:)',	'https://postfiles.pstatic.net/MjAyMzAzMzBfMjg1/MDAxNjgwMTc2NDYxOTQx.nzj0dv6Pxsg5Dp_i3af4FRdVrnHgdgafIPJzVhFthFsg.KGncJ_e6UefFmyJ8a6UrbNQzXOkyFk6011NxTBH5adUg.PNG.nct2020nana/%EB%B2%84%EB%B8%94%EC%A7%80%EC%84%B1.png?type=w966',	'경기미래교육 파주캠퍼스 (영어마을, English Village)',	GeomFromText('POINT(126.702630367866 37.7844495672426)', SRID(point)),	0,	2,	'211125 태용 버블',	'20211125'),
(68,	'2023-04-20 21:41:45',	NULL,	'서울 중구 삼일대로4길 17',	'클래식카메라, 필름카메라',	'https://pbs.twimg.com/media/FFqaqSDUYAAmmvs?format=jpg&name=small',	'영상카메라',	GeomFromText('POINT(126.990067244812 37.5621339570664)', SRID(point)),	0,	1,	'211203 ontheliszt’s (포토그래퍼) 인스타그램 쟈니',	'20211203'),
(69,	'2023-04-20 21:41:45',	NULL,	'강원 평창군 진부면 진고개로 231',	'Travellers\' Choice 2020. 청정 자연 속 최고의 힐링, 켄싱턴호텔 평창',	'https://pbs.twimg.com/media/FE4_j8qVgAEj2U_?format=jpg&name=900x900;https://pbs.twimg.com/media/FE4_kQHXoAAQ-E8?format=jpg&name=small',	'켄싱턴호텔 평창',	GeomFromText('POINT(128.597816314764 37.6898155122752)', SRID(point)),	0,	8,	'NCT 2021 YearDream : Stage 3 - Synchronization of Dreams 촬영지',	'20211124'),
(70,	'2023-04-20 21:41:45',	NULL,	'경기 용인시 처인구 백암면 박곡로 192',	'아웃도어 가구 전문회사 파넬이 만든 아웃도어 가구 전시장. 쇼룸, 물류창고, 카페 Tribu로 구성.',	'https://pbs.twimg.com/media/FE66uf-UcAQQ4S-?format=jpg&name=medium;https://pbs.twimg.com/media/FE68W3yUYAQHUJs?format=jpg&name=small;https://pbs.twimg.com/media/FE68XFKVcAYOi4y?format=jpg&name=small;https://pbs.twimg.com/media/FE68w-3VEAEnjvZ?format=jpg&name=small',	'빌라드파넬',	GeomFromText('POINT(127.395702266003 37.1745712279518)', SRID(point)),	0,	2,	'NCT 2021 YearDream : Stage 0 - The 7th Sense 촬영지 / 211014, 211124 쇼타로 인스타그램 / 211122 태용 인스타그램',	'20211122'),
(71,	'2023-04-20 21:41:45',	NULL,	'서울 성동구 연무장길 50',	'흙에서 흙으로\' 라는 뜻을 가진 성수동 도예공방',	'https://pbs.twimg.com/media/FEo6kvvVgAIIvZR?format=jpg&name=900x900',	'토로토로 세라믹 스튜디오',	GeomFromText('POINT(127.054837828936 37.5424988037749)', SRID(point)),	0,	1,	'천지의 이것저것 시즌2 Ep.10 도예체험',	'20211120'),
(72,	'2023-04-20 21:41:45',	NULL,	'경기 가평군 상면 돌아우길 73',	'자연속 천연계곡 앞 글램핑 호텔',	'https://pbs.twimg.com/media/FE3g807UYAAJtwx?format=jpg&name=900x900',	'글램트리리조트',	GeomFromText('POINT(127.321675917658 37.786341518369)', SRID(point)),	0,	2,	'[WayV-ariety] WayV’s Glamping Full of Struggles | Ep.1 숙소',	'20211123'),
(73,	'2023-04-20 21:41:45',	NULL,	'서울 강남구 선릉로152길 33',	'김지운 쉐프의 이탈리안 포차',	'https://pbs.twimg.com/media/E2cJwqDUcAEllA8?format=jpg&name=900x900;https://pbs.twimg.com/media/FEjufGaVQAUln8S?format=jpg&name=small',	'쿠촐로 테라짜',	GeomFromText('POINT(127.042300440704 37.5245580941157)', SRID(point)),	0,	1,	'210528, 211119 태용 인스타그램&스토리',	'20211119'),
(74,	'2023-04-20 21:41:45',	NULL,	'경기 구리시 금강로199번길 112',	'남양주에 힐링할 수 있는 카페 힐라비 베이커리',	'https://pbs.twimg.com/media/FEPZMGLVgAgtEGU?format=jpg&name=small',	'힐라비카페',	GeomFromText('POINT(127.137003747078 37.6436137364911)', SRID(point)),	0,	2,	'211115 도영 인스타그램&버블',	'20211115'),
(75,	'2023-04-20 21:41:45',	NULL,	'서울 강북구 수유동',	'깨알정보: 등산코스 이름은 진달래 능선',	'https://pbs.twimg.com/media/FETvIS2VEAITSgR?format=jpg&name=900x900',	'북한산국립공원수유분소입구',	GeomFromText('POINT(127.022094520762 37.6424621841483)', SRID(point)),	0,	1,	'[WayV-log] Climbing is just a piece of cake 등산',	'20211116'),
(76,	'2023-04-20 21:41:45',	NULL,	'경기 남양주시 순화궁로 167',	'이 장소에 대한 정보가 따로 없어요. 정보를 추가하고 싶다면 히어시티 SNS로 해당 장소에 대한 설명을 보내주세요:)',	'https://pbs.twimg.com/media/FD6aV_yVIAgbkDU?format=jpg&name=small',	'이마트 별내점',	GeomFromText('POINT(127.125967996663 37.6428100149332)', SRID(point)),	0,	2,	'210512 도영 인스타그램',	'20210512'),
(77,	'2023-04-20 21:41:45',	NULL,	'강원 춘천시 남산면 강촌로 163',	'저 추월할게요 | Ep.2 카트 레이싱 | JUST DO IT:제대로 재밌게 / 이색적인 카트라이더 와 강촌ATV 사륜오토바이 자유투어 가능한 곳',	'https://pbs.twimg.com/media/FD6m_1tVkAQjZL-?format=jpg&name=small;https://pbs.twimg.com/media/FD6nAU3UUAAMrXL?format=jpg&name=small',	'강촌 잠빌 레저',	GeomFromText('POINT(127.637193923484 37.8050011090483)', SRID(point)),	0,	8,	'JUST DO IT:제대로 재밌게 Ep.2 카트 레이싱',	'20211111'),
(78,	'2023-04-20 21:41:45',	NULL,	'경기 구리시 아치울길 17',	'루프탑에서 탁 트인 한강뷰를 보며 힐링과 여유를 느끼기에 좋은 구리 베이커리 카페',	'https://pbs.twimg.com/media/FDRm2n8VEAcI3Zv?format=jpg&name=small',	'카페비니',	GeomFromText('POINT(127.120072140662 37.5741246696648)', SRID(point)),	0,	2,	'211103 도영 인스타그램',	'20211103'),
(79,	'2023-04-20 21:41:45',	NULL,	'서울 강남구 압구정로46길 71',	'이 장소에 대한 정보가 따로 없어요. 정보를 추가하고 싶다면 히어시티 SNS로 해당 장소에 대한 설명을 보내주세요:)',	'https://pbs.twimg.com/media/FDF9qbHVIAEbq2x?format=jpg&name=900x900;https://pbs.twimg.com/media/FDF9qEgVIAEd3HS?format=jpg&name=small',	'클랩피자 청담점',	GeomFromText('POINT(127.036589355975 37.5240994991916)', SRID(point)),	0,	1,	'2022 NCT 127 시즌그리팅 촬영장소 / 211101 마크 인스타 스토리',	'20211101'),
(80,	'2023-04-20 21:41:45',	NULL,	'경기 파주시 문발동',	'이 장소에 대한 정보가 따로 없어요. 정보를 추가하고 싶다면 히어시티 SNS로 해당 장소에 대한 설명을 보내주세요:)',	'https://pbs.twimg.com/media/FDvPXiHUYAMbFMJ?format=jpg&name=small',	'캠핑놀이터',	GeomFromText('POINT(126.688501177025 37.7217352471643)', SRID(point)),	0,	2,	'211109 태용 인스타그램&버블',	'20211109'),
(81,	'2023-04-20 21:41:45',	NULL,	'서울 강남구 도산대로51길 19',	'이 장소에 대한 정보가 따로 없어요. 정보를 추가하고 싶다면 히어시티 SNS로 해당 장소에 대한 설명을 보내주세요:)',	'https://pbs.twimg.com/media/FCowCx4UYAECcYz?format=jpg&name=small;https://pbs.twimg.com/media/FCowDKJVcAAhip4?format=jpg&name=small',	'테바',	GeomFromText('POINT(127.037637407222 37.5244284862199)', SRID(point)),	0,	1,	'210906, 210925 태용 인스타그램 / 스우파 촬영장소',	'20210925'),
(82,	'2023-04-20 21:41:45',	NULL,	'서울 용산구 청암동',	'이 장소에 대한 정보가 따로 없어요. 정보를 추가하고 싶다면 히어시티 SNS로 해당 장소에 대한 설명을 보내주세요:)',	'https://pbs.twimg.com/media/FCowBc2UYAQ_yMB?format=jpg&name=small;https://pbs.twimg.com/media/FCowB6uVIAMrCfk?format=jpg&name=small',	'스피드메이트 강변점근처',	GeomFromText('POINT(126.946678596744 37.5344808673196)', SRID(point)),	0,	1,	'211023 태용 인스타그램 / 스우파 촬영장소',	'20211023'),
(83,	'2023-04-20 21:41:45',	NULL,	'인천 중구 떼무리길 9',	'소무의도 회 맛집',	'https://pbs.twimg.com/media/FC38CVZVEAMDIHU?format=jpg&name=900x900',	'고기섬 횟집',	GeomFromText('POINT(126.445499656817 37.372240564019)', SRID(point)),	0,	7,	'NCT 127 아날로그트립 촬영장소',	'20211029'),
(84,	'2023-04-20 21:41:45',	NULL,	'서울 강남구 언주로164길 38',	'이 장소에 대한 정보가 따로 없어요. 정보를 추가하고 싶다면 히어시티 SNS로 해당 장소에 대한 설명을 보내주세요:)',	'https://pbs.twimg.com/media/FB9yjo_UcAI1Wab?format=jpg&name=small;https://pbs.twimg.com/media/FB9ykkJVEAQ2DdT?format=jpg&name=small',	'로제또 플라워 앞',	GeomFromText('POINT(127.036518000045 37.5253144327771)', SRID(point)),	0,	1,	'211018 양양 인스타그램',	'20211018'),
(85,	'2023-04-20 21:41:45',	NULL,	'인천 중구 무의동',	'이 장소에 대한 정보가 따로 없어요. 정보를 추가하고 싶다면 히어시티 SNS로 해당 장소에 대한 설명을 보내주세요:)',	'https://pbs.twimg.com/media/E4I34ypVUAkO-k0?format=jpg&name=small;https://pbs.twimg.com/media/E4I35QIVkAE2dpA?format=jpg&name=small',	'몽여해변 소무의도',	GeomFromText('POINT(126.422172947152 37.379555947382)', SRID(point)),	0,	7,	'NCT 127 아날로그 트립 촬영장소 / 210618 태용 인스타그램',	'20211022'),
(86,	'2023-04-20 21:41:45',	NULL,	'경기 고양시 일산서구 킨텍스로 255 일산디엠시티스카이뷰 상가동 218호',	'이 장소에 대한 정보가 따로 없어요. 정보를 추가하고 싶다면 히어시티 SNS로 해당 장소에 대한 설명을 보내주세요:)',	'https://pbs.twimg.com/media/FBREYqqUcAUIzOT?format=jpg&name=900x900',	'엘테일러',	GeomFromText('POINT(126.74955804785 37.6691414364439)', SRID(point)),	0,	2,	'211009 SNL 코리아 <체인지스티커> 태용 촬영지',	'20211009'),
(87,	'2023-04-20 21:41:45',	NULL,	'경기 김포시 풍무1로 65-1',	'깨알정보: 드레스코드는 바가지머리+안경+스트라이프 또는 체크 상의 + 백팩',	'https://pbs.twimg.com/media/FBRAxL1VcAc0uUt?format=jpg&name=900x900',	'써브웨이 김포풍무역점',	GeomFromText('POINT(126.732616531776 37.6108754810359)', SRID(point)),	0,	2,	'211009 SNL 코리아 <걸어서 세상 속으로> 써브웨이편 촬영지',	'20211009'),
(88,	'2023-04-20 21:41:45',	NULL,	'서울 성동구 둘레7길 15',	'이 장소에 대한 정보가 따로 없어요. 정보를 추가하고 싶다면 히어시티 SNS로 해당 장소에 대한 설명을 보내주세요:)',	'https://pbs.twimg.com/media/FA_jEqvVgAgVHjU?format=jpg&name=small;https://pbs.twimg.com/media/FA_jFKZVUAMrlQ1?format=jpg&name=small',	'에롤파',	GeomFromText('POINT(127.049069492189 37.5380343644151)', SRID(point)),	0,	1,	'유타 GQ JAPAN 11월호 촬영장소',	'20211006'),
(89,	'2023-04-20 21:41:45',	NULL,	'경기 고양시 일산동구 애니골길 18-13',	'이 장소에 대한 정보가 따로 없어요. 정보를 추가하고 싶다면 히어시티 SNS로 해당 장소에 대한 설명을 보내주세요:)',	'https://pbs.twimg.com/media/FBQ0L3kVkAk-tpM?format=jpg&name=small',	'풍동562CAFE',	GeomFromText('POINT(126.790997562753 37.6694094585966)', SRID(point)),	0,	2,	'211009 SNL 코리아 촬영지',	'20211009'),
(90,	'2023-04-20 21:41:45',	NULL,	'서울 성동구 왕십리로 63 언더스탠드에비뉴',	'성수 최대 규모 복합문화공간 언더스탠드에비뉴',	'https://pbs.twimg.com/media/FAr6BmuVkAANmkv?format=jpg&name=small',	'언더스탠드에비뉴',	GeomFromText('POINT(127.043585906393 37.5436228045917)', SRID(point)),	0,	1,	'211002 양양 인스타그램',	'20211002'),
(91,	'2023-04-20 21:41:45',	NULL,	'서울 은평구 연서로50길 7-11',	'태용, 지성, 성찬 출연 / NCT의 막내들만 모여 있네요💚 | 추석맞이 다과상 만들기',	'https://pbs.twimg.com/media/E_u5DPIVUAYFjR0?format=jpg&name=small',	'함경루 게스트하우스',	GeomFromText('POINT(126.938880339887 37.6413393096796)', SRID(point)),	0,	1,	'<한가위 신선놀음> 촬영장소',	'20210920'),
(92,	'2023-04-20 21:41:45',	NULL,	'제주 제주시 조천읍 선흘리 산103-1',	'이 장소에 대한 정보가 따로 없어요. 정보를 추가하고 싶다면 히어시티 SNS로 해당 장소에 대한 설명을 보내주세요:)',	'https://pbs.twimg.com/media/E_zbX62VIAgihTl?format=jpg&name=small;https://pbs.twimg.com/media/E_zbYW4UUAIysWv?format=jpg&name=small',	'부대오름',	GeomFromText('POINT(126.709533747015 33.4473731760298)', SRID(point)),	0,	9,	'210921 텐 인스타그램 / 210124 윈윈 버블',	'20210921'),
(93,	'2023-04-20 21:41:45',	NULL,	'서울 영등포구 여의도동',	'이 장소에 대한 정보가 따로 없어요. 정보를 추가하고 싶다면 히어시티 SNS로 해당 장소에 대한 설명을 보내주세요:)',	'https://pbs.twimg.com/media/E-FrsamVQAcihwJ?format=jpg&name=small;https://pbs.twimg.com/media/E-FrscbUYAAqBy2?format=jpg&name=small;https://pbs.twimg.com/media/E_d3Te-VEAAJ5tQ?format=jpg&name=small',	'원효대교',	GeomFromText('POINT(126.930167091136 37.5267849150832)', SRID(point)),	0,	1,	'NCT 127 \'Sticker\' Seoul City 자켓 촬영장소 - 재현 / 210917 재현 인스타그램',	'20210901'),
(94,	'2023-04-20 21:41:45',	NULL,	'서울 용산구 양녕로 445',	'이 장소에 대한 정보가 따로 없어요. 정보를 추가하고 싶다면 히어시티 SNS로 해당 장소에 대한 설명을 보내주세요:)',	'https://pbs.twimg.com/media/E9-Il3RUcBEeJ7U?format=jpg&name=small;https://pbs.twimg.com/media/E-LF283VcAQM2UH?format=jpg&name=small;https://pbs.twimg.com/media/E-X3kQlUUAcst1K?format=jpg&name=small',	'노들섬 <한강대교>',	GeomFromText('POINT(126.958036465507 37.5176638307111)', SRID(point)),	0,	1,	'NCT 127 \'Sticker\' Seoul City 자켓 촬영장소 - 도영, 마크 / 210904 마크 인스타그램',	'20210901'),
(95,	'2023-04-20 21:41:45',	NULL,	'서울 강남구 테헤란로 138',	'이 장소에 대한 정보가 따로 없어요. 정보를 추가하고 싶다면 히어시티 SNS로 해당 장소에 대한 설명을 보내주세요:)',	'https://pbs.twimg.com/media/E-LA3OiVQAYqdN1?format=jpg&name=900x900;https://pbs.twimg.com/media/E-LA3yaUUAU511J?format=jpg&name=small',	'성홍타워',	GeomFromText('POINT(127.034303761906 37.4996398113702)', SRID(point)),	0,	1,	'NCT 127 \'Sticker\' Seoul City 자켓 촬영장소 - 쟈니, 정우',	'20210901'),
(96,	'2023-04-20 21:41:45',	NULL,	'경기 의왕시 원터아랫길 73-5',	'자연 속 저택 공간대여',	'https://pbs.twimg.com/media/E_VGtkPUYAgijoo?format=jpg&name=medium;https://pbs.twimg.com/media/E_VGt5JUUAI5Rda?format=jpg&name=small',	'엘포레스트232',	GeomFromText('POINT(127.022336152599 37.396390254032)', SRID(point)),	0,	2,	'NCT 127 Stick Together 촬영장소',	'20210915'),
(97,	'2023-04-20 21:41:45',	NULL,	'경기 의왕시 포일세거리로 7',	'이 장소에 대한 정보가 따로 없어요. 정보를 추가하고 싶다면 히어시티 SNS로 해당 장소에 대한 설명을 보내주세요:)',	'https://pbs.twimg.com/media/E_VJLx1VIEE9NM9?format=jpg&name=900x900',	'하나로마트 의왕농협포일점',	GeomFromText('POINT(126.985040599766 37.3962295037149)', SRID(point)),	0,	2,	'NCT 127 Stick Together 촬영장소',	'20210915'),
(98,	'2023-04-20 21:41:45',	NULL,	'서울 송파구 올림픽로 300',	'세계 5위, 국내 최고 높이 123층, 555m 높이의 롯데월드타워 가장 높은 곳에 위치한 전망대',	'https://pbs.twimg.com/media/Emq5VV_VEAE65yF?format=jpg&name=small;https://pbs.twimg.com/media/E_KCDPBVgAMv9n6?format=jpg&name=small;https://pbs.twimg.com/media/E_KCDdVVcAMSP14?format=jpg&name=small',	'서울스카이',	GeomFromText('POINT(127.104446890835 37.5137519612953)', SRID(point)),	0,	1,	'NCT WORLD 2.0 촬영지 / 210913 유타 인스타그램',	'20210913'),
(99,	'2023-04-20 21:41:45',	NULL,	'서울 마포구 동교로29길 68',	'동화속에 들어온 것 같은 예쁜 연남동케이크카페 / NCIT HOUSE : Our sharehouse with full of joy and love 촬영장소',	'https://pbs.twimg.com/media/E-NYwNPVIAMXl8_?format=jpg&name=small;https://pbs.twimg.com/media/E-NYwu7VcAMRZUH?format=jpg&name=small',	'딩가케이크',	GeomFromText('POINT(126.922073899976 37.5634037503728)', SRID(point)),	0,	1,	'NCIT HOUSE 촬영장소',	'20210902'),
(100,	'2023-04-20 21:41:45',	NULL,	'서울 용산구 이태원로26길 26 2층',	'백종원 3대천왕에 나왔던 핵꿀맛 뉴욕풍 피자',	'https://pbs.twimg.com/media/E99oqqTVgAMD4Li?format=jpg&name=900x900',	'매덕스피자',	GeomFromText('POINT(126.993524321646 37.5333457532052)', SRID(point)),	0,	1,	'NCT 127 : Who is sticker 촬영장소',	'20210821'),
(101,	'2023-04-20 21:41:45',	NULL,	'서울 성동구 둘레7길 15',	'이 장소에 대한 정보가 따로 없어요. 정보를 추가하고 싶다면 히어시티 SNS로 해당 장소에 대한 설명을 보내주세요:)',	'https://pbs.twimg.com/media/FA_hR3oVQAIz7Sh?format=jpg&name=small',	'에롤파',	GeomFromText('POINT(127.049069492189 37.5380343644151)', SRID(point)),	0,	1,	'210819 도영 인스타그램',	'20210819'),
(102,	'2023-04-20 21:41:45',	NULL,	'경기 가평군 설악면 유명로 1818-14',	'이 장소에 대한 정보가 따로 없어요. 정보를 추가하고 싶다면 히어시티 SNS로 해당 장소에 대한 설명을 보내주세요:)',	'https://pbs.twimg.com/media/E-G8200VUAEC_Kq?format=jpg&name=small',	'앨리스카페',	GeomFromText('POINT(127.472892563486 37.6775937491312)', SRID(point)),	0,	2,	'NCT LIFE in 가평 (엔시티라이프) 카페',	'20210830'),
(103,	'2023-04-20 21:41:45',	NULL,	'경기 가평군 설악면 회곡가래골길 4',	'쫄깃한 토종닭백숙이 일품인 가평 맛집',	'https://pbs.twimg.com/media/E9jCiMHVoA8j73e?format=jpg&name=900x900',	'다믈촌',	GeomFromText('POINT(127.445319050489 37.7105546674564)', SRID(point)),	0,	2,	'NCT LIFE in 가평 식당',	'20210824'),
(104,	'2023-04-20 21:41:45',	NULL,	'서울 중구 명동8가길 27 션샤인빌딩 3층',	'실탄사격으로 스트레스를 한방에 날려버리자',	'https://pbs.twimg.com/media/E9Zh1wZVUAIYo7l?format=jpg&name=900x900;https://pbs.twimg.com/media/E9Zh2DEVEAUPS1X?format=jpg&name=small',	'명동실탄사격장',	GeomFromText('POINT(126.986563787577 37.5620005331406)', SRID(point)),	0,	1,	'JUST DO IT:제대로 재밌게 Ep.1 실탄 사격',	'20210822'),
(105,	'2023-04-20 21:41:45',	NULL,	'경기 가평군 설악면 유명로 2150-20',	'서울 근교, 북한강 수상레포츠가 5분거리인 고급 풀빌라',	'https://pbs.twimg.com/media/E8huTaOVUAAx498?format=jpg&name=small',	'빌라퍼즈 풀빌라',	GeomFromText('POINT(127.46020391656 37.6992874921698)', SRID(point)),	0,	2,	'NCT LIFE in 가평 숙소',	'20210812'),
(106,	'2023-04-20 21:41:45',	NULL,	'경기 가평군 설악면 유명로 2304-34 르메이에르 청평빌라',	'다양한 수상 액티비티 체험이 가능한 청평 웨이크베이',	'https://postfiles.pstatic.net/MjAyMzAzMzBfMjQ1/MDAxNjgwMTc2NDYxOTcz._ApJY4A8rEnH9p-Z4HRrUlIAeHioP-7koI44HpOABbog.eDtBZbIZlnTDQscIWwtSa5YrNCGwKrwkPRIGQdSFeeMg.PNG.nct2020nana/%EC%82%AC%EC%A7%84%EC%97%86%EC%A0%9C%EB%85%B8.png?type=w966',	'웨이크베이 리조트',	GeomFromText('POINT(127.449182267521 37.7059472425177)', SRID(point)),	0,	2,	'NCT LIFE in 가평 웨이크보드',	'20210816'),
(107,	'2023-04-20 21:41:45',	NULL,	'서울 강남구 도산대로67길 13-3 EMPRESS빌딩 B1층',	'브런치, 커피,디저트 그리고 와인을 즐길 수 있는 공간. 노키즈존',	'https://pbs.twimg.com/media/E7yF6m9VkAQr7_y?format=jpg&name=small',	'먼데이투선데이',	GeomFromText('POINT(127.044132890226 37.5247903326866)', SRID(point)),	0,	1,	'210802 쟈니 인스타스토리 HAPPYMARKDAY',	'20210802'),
(108,	'2023-04-20 21:41:46',	NULL,	'경기 양평군 서종면 북한강로 1088',	'양평 한우 한정식집',	'https://pbs.twimg.com/media/E6Qqpm4VcAIdfNv?format=jpg&name=900x900',	'다미아 문호리본점',	GeomFromText('POINT(127.360266748124 37.6321361140157)', SRID(point)),	0,	2,	'성타로 in 연꽃축제 식당',	'20210714'),
(109,	'2023-04-20 21:41:46',	NULL,	'경기 양평군 양서면 양수로 93',	'대표적인 수생식물을 이용한 자연정화공원. 깨알정보: 성타로가 방문한 연꽃축제 기간은 7월~8월 중순',	'https://pbs.twimg.com/media/E6QlEGqVkAM3mJy?format=jpg&name=900x900;https://pbs.twimg.com/media/EzLzOhwVoAEGu-O?format=jpg&name=small;https://pbs.twimg.com/media/Ezek9HZVIAIsgtm?format=jpg&name=small',	'세미원',	GeomFromText('POINT(127.323960794665 37.5409386577644)', SRID(point)),	0,	2,	'성타로 in 연꽃축제 / 210417 도영 인스타그램 / 210421 태용 인스타그램',	'20210714'),
(110,	'2023-04-20 21:41:46',	NULL,	'경기 가평군 청평면 고재길 262-57',	'잠수풀 프리다이빙 트레이닝, 스킨스쿠버 체험',	'https://pbs.twimg.com/media/E6KUGM7UUAExFw8?format=jpg&name=small',	'K26잠수풀',	GeomFromText('POINT(127.516305774847 37.7030203422586)', SRID(point)),	0,	2,	'210713 텐 인스타그램',	'20210713'),
(111,	'2023-04-20 21:41:46',	NULL,	'서울 성동구 성수일로12길 34 3층',	'Rock Climbing!🧗🏻 This is JOHNNY’s Climbing Center | Johnny’s Communication Center (JCC) Ep.30',	'https://pbs.twimg.com/media/E8wXiQjVEAEhCvF?format=jpg&name=900x900',	'훅클라이밍 성수점',	GeomFromText('POINT(127.054447732155 37.5475565627229)', SRID(point)),	0,	1,	'210814 JCC 쟈씨씨 EP.30 클라이밍',	'20210814'),
(112,	'2023-04-20 21:41:46',	NULL,	'서울 서초구 남부순환로 2406',	'전시정보: https://www.sac.or.kr/',	'https://pbs.twimg.com/media/D3Y_oFBU4AASp3C?format=jpg&name=large;https://pbs.twimg.com/media/D3Y_oz3U4AA_AzA?format=jpg&name=medium',	'예술의전당한가람미술관',	GeomFromText('POINT(127.014215239186 37.4802401962069)', SRID(point)),	0,	1,	'210712 태용 버블 피카소전시회 / 도영 m.chat 고양이전 오디오가이드 참여&방문',	'20210712'),
(113,	'2023-04-20 21:41:46',	NULL,	'강원 평창군 대관령면 꽃밭양지길 708-9',	'Since 1972! 아시아 최대 600만평의 드넓은 초지와 살아있는 자연을 느낄 수 있는 곳. 온라인 사전예매는 방문 하루 전까지 가능',	'https://pbs.twimg.com/media/E6GZ8DFVoAQN8oz?format=jpg&name=large;https://pbs.twimg.com/media/E6GZ8nEVcAAI9w8?format=jpg&name=small',	'대관령 삼양목장',	GeomFromText('POINT(128.719663270792 37.7239204647298)', SRID(point)),	0,	8,	'NCT DREAM \'Hello Future\' 자켓 촬영장소',	'20210712'),
(114,	'2023-04-20 21:41:46',	NULL,	'경기 가평군 설악면 미사리로 914',	'배산임수 터에 자리잡은 전통한옥 펜션',	'https://pbs.twimg.com/media/E5iOq4SUYAA-EzP?format=jpg&name=small;https://pbs.twimg.com/media/E5iOqWNVEAItXN8?format=jpg&name=small',	'장락원',	GeomFromText('POINT(127.553288943942 37.7273224735658)', SRID(point)),	0,	2,	'금손 문선생 문쓰열무비빔국수&동치미국수편 촬영지 / 210625 쟈니 인스타그램',	'20210705'),
(115,	'2023-04-20 21:41:46',	NULL,	'충남 천안시 서북구 번영로 208',	'이 장소에 대한 정보가 따로 없어요. 정보를 추가하고 싶다면 히어시티 SNS로 해당 장소에 대한 설명을 보내주세요:)',	'https://pbs.twimg.com/media/E4La4WIVcAA8v0f?format=jpg&name=small;https://pbs.twimg.com/media/E4La30QVIAAIiqo?format=jpg&name=small;https://pbs.twimg.com/media/E4La4lhVgAIWAA8?format=jpg&name=small;https://pbs.twimg.com/media/E4LcfGwVgAAJlym?format=jpg&name=small',	'천안종합운동장',	GeomFromText('POINT(127.113305208572 36.8191007470086)', SRID(point)),	0,	6,	'NCT DREAM \'Hello Future\' MV 촬영장소 / 210603 마크 인스타그램',	'20210619'),
(116,	'2023-04-20 21:41:46',	NULL,	'인천 옹진군 영흥면 선재리',	'인천-선재도-목섬',	'https://pbs.twimg.com/media/E5XFffUVoAQ0LsZ?format=jpg&name=900x900',	'선재도',	GeomFromText('POINT(126.526355481568 37.240615822392)', SRID(point)),	0,	7,	'[WayV-log] KUN\'s Cloud | 📹Drone Filming Day 촬영장소',	'20210703'),
(117,	'2023-04-20 21:41:46',	NULL,	'서울 강남구 도산대로23길 17',	'저온 숙성 도우와 최상급 자연산 치즈만을 사용하는 정통 아메리칸 스타일 피자 / 우리 5주년이잖아🥂ㅣ우리, 칠월',	'https://pbs.twimg.com/media/E5JKnUkUUAMh_l3?format=jpg&name=900x900',	'올데이피자 서비스',	GeomFromText('POINT(127.025948374737 37.5201457431682)', SRID(point)),	0,	1,	'NCT 127 5주년 기념 \'우리, 칠월\' 피자',	'20210630'),
(118,	'2023-04-20 21:41:46',	NULL,	'경기 남양주시 와부읍 수레로640번길 77',	'카페 및 갤러리, 정원 등이 함께 있는 남양주시 돼지갈비 맛집',	'https://postfiles.pstatic.net/MjAyMzAzMzBfMjg1/MDAxNjgwMTc2NDYxOTQx.nzj0dv6Pxsg5Dp_i3af4FRdVrnHgdgafIPJzVhFthFsg.KGncJ_e6UefFmyJ8a6UrbNQzXOkyFk6011NxTBH5adUg.PNG.nct2020nana/%EB%B2%84%EB%B8%94%EC%A7%80%EC%84%B1.png?type=w966',	'늘푸른정원',	GeomFromText('POINT(127.279620581735 37.6153322291522)', SRID(point)),	0,	2,	'210719 제노 버블 with 슈퍼주니어 동해',	'20210719'),
(119,	'2023-04-20 21:41:46',	NULL,	'서울 강남구 도산대로 322 B1',	'All About JOHNNY’s Taste🍷🥩📷 | Johnny’s Communication Center (JCC) Ep.29',	'https://pbs.twimg.com/media/E5DdvlaWUAkGzMv?format=jpg&name=900x900',	'부띠끄와인샵',	GeomFromText('POINT(127.037175431927 37.522215590171)', SRID(point)),	0,	1,	'210629 JCC 쟈씨씨 EP.29 All About JOHNNY’s Taste 와인샵',	'20210629'),
(120,	'2023-04-20 21:41:46',	NULL,	'서울 종로구 대명1길 7 대눅빌딩',	'혜화역 이자카야',	'https://pbs.twimg.com/media/E5DOEWmVoAQRE9F?format=jpg&name=900x900',	'이자카야 곤조',	GeomFromText('POINT(127.001009200748 37.5831293564362)', SRID(point)),	0,	1,	'드라마 \'디어엠 DearM\' 촬영장소',	'20210629'),
(121,	'2023-04-20 21:41:46',	NULL,	'전북 전주시 덕진구 백제대로 567',	'이 장소에 대한 정보가 따로 없어요. 정보를 추가하고 싶다면 히어시티 SNS로 해당 장소에 대한 설명을 보내주세요:)',	'https://pbs.twimg.com/media/Es6vIePVkAgoX1y?format=jpg&name=900x900',	'전북대학교 전주캠퍼스 (법학전문대학원 한옥동 \'송은 학당\')',	GeomFromText('POINT(127.131588969832 35.8411382714422)', SRID(point)),	0,	10,	'드라마 \'디어엠 DearM\' 촬영장소',	'20210629'),
(122,	'2023-04-20 21:41:46',	NULL,	'서울 마포구 월드컵북로6길 88 1층',	'홍대 연남동 유러피언 스타일의 수제버거 맛집. 블루리본 서베이 2020년~22년 3년 연속 선정. 망고플레이트 선정.',	'https://pbs.twimg.com/media/E5DK3-BVEAUvz6k?format=jpg&name=small',	'버바나',	GeomFromText('POINT(126.922759717252 37.5600884439366)', SRID(point)),	0,	1,	'드라마 \'디어엠 DearM\' 촬영장소',	'20210629'),
(123,	'2023-04-20 21:41:46',	NULL,	'서울 강남구 선릉로148길 28',	'최고등급의 한우와 한돈만을 숙성하여 판매하는 숯불구이 전문점 / All About JOHNNY’s Taste🍷🥩📷 | Johnny’s Communication Center (JCC) Ep.29',	'https://pbs.twimg.com/media/E5DV5uiVcAEzX8y?format=jpg&name=900x900',	'네모집 청담점',	GeomFromText('POINT(127.041851367598 37.5226041599715)', SRID(point)),	0,	1,	'210629 JCC 쟈씨씨 EP.29 All About JOHNNY’s Taste 식당',	'20210629'),
(124,	'2023-04-20 21:41:46',	NULL,	'서울 서대문구 연세로 50',	'이 장소에 대한 정보가 따로 없어요. 정보를 추가하고 싶다면 히어시티 SNS로 해당 장소에 대한 설명을 보내주세요:)',	'https://pbs.twimg.com/media/Es6tdzrUYAMT6ci?format=jpg&name=900x900',	'연세대학교 신촌캠퍼스',	GeomFromText('POINT(126.943916239886 37.5660508394158)', SRID(point)),	0,	1,	'드라마 \'디어엠 DearM\' 촬영장소',	'20210629'),
(125,	'2023-04-20 21:41:46',	NULL,	'서울 성동구 왕십리로 83-21',	'현실과 가상의 경계없이 온전히 K-Culture를 즐길 수 있는 Metaaversal Expeirience Brand KWANGYA',	'https://postfiles.pstatic.net/MjAyMzAzMzBfMjQ1/MDAxNjgwMTc2NDYxOTcz._ApJY4A8rEnH9p-Z4HRrUlIAeHioP-7koI44HpOABbog.eDtBZbIZlnTDQscIWwtSa5YrNCGwKrwkPRIGQdSFeeMg.PNG.nct2020nana/%EC%82%AC%EC%A7%84%EC%97%86%EC%A0%9C%EB%85%B8.png?type=w966',	'광야',	GeomFromText('POINT(127.043357753557 37.5441547484979)', SRID(point)),	0,	1,	'KWANGYA SEOUL',	'20210629'),
(126,	'2023-04-20 21:41:46',	NULL,	'경기 남양주시 다산순환로 50 1층',	'텍사스 본토의 맛을 느낄 수 있는 스테이크하우스',	'https://postfiles.pstatic.net/MjAyMzAzMzBfMjg1/MDAxNjgwMTc2NDYxOTQx.nzj0dv6Pxsg5Dp_i3af4FRdVrnHgdgafIPJzVhFthFsg.KGncJ_e6UefFmyJ8a6UrbNQzXOkyFk6011NxTBH5adUg.PNG.nct2020nana/%EB%B2%84%EB%B8%94%EC%A7%80%EC%84%B1.png?type=w966',	'텍사스로드하우스 현대프리미엄아울렛 스페이스원점',	GeomFromText('POINT(127.152429100255 37.616257926116)', SRID(point)),	0,	2,	'210624 도영버블',	'20210624'),
(127,	'2023-04-20 21:41:46',	NULL,	'경기 남양주시 다산순환로 50',	'이 장소에 대한 정보가 따로 없어요. 정보를 추가하고 싶다면 히어시티 SNS로 해당 장소에 대한 설명을 보내주세요:)',	'https://pbs.twimg.com/media/E4uC_pdVIAQxpfR?format=jpg&name=small',	'아디다스 현대아울렛 남양주점',	GeomFromText('POINT(127.152429100255 37.616257926116)', SRID(point)),	0,	2,	'210624 도영 인스타그램',	'20210624'),
(128,	'2023-04-20 21:41:46',	NULL,	'부산 중구 부평1길 48',	'Hello Busan｜JISUNG VLOG #1',	'https://postfiles.pstatic.net/MjAyMzAzMzBfMjQ1/MDAxNjgwMTc2NDYxOTcz._ApJY4A8rEnH9p-Z4HRrUlIAeHioP-7koI44HpOABbog.eDtBZbIZlnTDQscIWwtSa5YrNCGwKrwkPRIGQdSFeeMg.PNG.nct2020nana/%EC%82%AC%EC%A7%84%EC%97%86%EC%A0%9C%EB%85%B8.png?type=w966',	'부평깡통시장',	GeomFromText('POINT(129.02602057301 35.1015591974157)', SRID(point)),	0,	5,	'지성 부산 VLOG｜드림 벌칙',	'20210620'),
(129,	'2023-04-20 21:41:46',	NULL,	'인천 중구 영종해안남로 19-5',	'이 장소에 대한 정보가 따로 없어요. 정보를 추가하고 싶다면 히어시티 SNS로 해당 장소에 대한 설명을 보내주세요:)',	'https://pbs.twimg.com/media/E1H_lzUVEAE3Qp9?format=jpg&name=small',	'네스트호텔',	GeomFromText('POINT(126.425382234647 37.4245606805297)', SRID(point)),	0,	7,	'유타 VOGUE JAPAN / 210512 유타 인스타그램',	'20210512'),
(130,	'2023-04-20 21:41:46',	NULL,	'경기 용인시 처인구 포곡읍 에버랜드로 199',	'실내외가 연결된 세계 최대 규모의 워터파크',	'https://pbs.twimg.com/media/E4vVmE2VkAcYkZs?format=jpg&name=small;https://pbs.twimg.com/media/E4vVl93VkAIjUF0?format=jpg&name=small',	'캐리비안베이',	GeomFromText('POINT(127.202128029885 37.294066695953)', SRID(point)),	0,	2,	'오르골 (Life is Still going on)\' DREAM-VERSE Bonus Chapter 촬영장소 / NCT SHOW 촬영장소',	'20210626'),
(131,	'2023-04-20 21:41:46',	NULL,	'부산 해운대구 송정동 712-2',	'Hello Busan｜JISUNG VLOG #1',	'https://postfiles.pstatic.net/MjAyMzAzMzBfMjg1/MDAxNjgwMTc3ODMzODU0.w0wodns_-gNNkNsuam6Y-aKovcZIN9sBKu08eSZ5EmAg.LA0ZsZb_XMkm--SzAqOEHGmnIuDeWev5RyPaRhOqpMsg.PNG.nct2020nana/%EC%8A%A4%ED%81%AC%EB%A6%B0%EC%83%B7(177).png?type=w966',	'송정해수욕장',	GeomFromText('POINT(129.199338861897 35.1794451592458)', SRID(point)),	0,	5,	'지성 부산 VLOG｜드림 벌칙',	'20210620'),
(132,	'2023-04-20 21:41:46',	NULL,	'부산 서구 암남동 산193',	'Hello Busan｜JISUNG VLOG #1',	'https://postfiles.pstatic.net/MjAyMzAzMzBfMjQ1/MDAxNjgwMTc2NDYxOTcz._ApJY4A8rEnH9p-Z4HRrUlIAeHioP-7koI44HpOABbog.eDtBZbIZlnTDQscIWwtSa5YrNCGwKrwkPRIGQdSFeeMg.PNG.nct2020nana/%EC%82%AC%EC%A7%84%EC%97%86%EC%A0%9C%EB%85%B8.png?type=w966',	'암남공원 치유의 숲',	GeomFromText('POINT(129.01619878267 35.0608654569428)', SRID(point)),	0,	5,	'지성 부산 VLOG｜드림 벌칙',	'20210620'),
(133,	'2023-04-20 21:41:46',	NULL,	'부산 해운대구 송정중앙로6번길 72',	'Hello Busan｜JISUNG VLOG #1',	'https://pbs.twimg.com/media/E4FpYm3VgAws8Of?format=jpg&name=medium;https://pbs.twimg.com/media/E4FpZFdVcAkAfJI?format=jpg&name=small',	'백년왕돼지국밥',	GeomFromText('POINT(129.199526453927 35.1807815536771)', SRID(point)),	0,	5,	'지성 부산 VLOG｜드림 벌칙',	'20210620'),
(134,	'2023-04-20 21:41:46',	NULL,	'부산 동구 중앙대로 206',	'지성이랑 같은 포즈로 인증샷을 찍어보세요. Hello Busan｜JISUNG VLOG #1',	'https://postfiles.pstatic.net/MjAyMzAzMzBfMjIy/MDAxNjgwMTc3ODQyNjUw.X_mKWZN8RiWNrNCuAnhYOlpzGRtXz-B0KhZyjoVx2y4g.HwstyeQHZkuCRduHtKVfJDJ2ffHCMvfwOUTkQ5IAyxIg.PNG.nct2020nana/%EC%8A%A4%ED%81%AC%EB%A6%B0%EC%83%B7(186).png?type=w966',	'부산역',	GeomFromText('POINT(129.045060216345 35.117605126596)', SRID(point)),	0,	5,	'지성 부산 VLOG｜드림 벌칙',	'20210620'),
(135,	'2023-04-20 21:41:46',	NULL,	'서울 강남구 압구정로79길 58 3층',	'세련된 서비스와 동양적인 감성으로 다양한 취향을 모두 아우르는 차이나룸에서 검증된 정통 중식을 즐겨보세요',	'https://pbs.twimg.com/media/EZbdC1zUMAIKYcB?format=jpg&name=large;https://pbs.twimg.com/media/EZbXxvwUcAEikpp?format=jpg&name=large',	'SMT HOUSE 차이나룸 청담점',	GeomFromText('POINT(127.052017353008 37.5253871907651)', SRID(point)),	0,	1,	'210615 마크 버블 with 제노 / 191118 드림 공계 / V LIVE x Naver x Dispatch NCT 127 HD Photo',	'20210615'),
(136,	'2023-04-20 21:41:46',	NULL,	'경기 남양주시 강변북로632번길 57-1',	'한강을 바라보며 피크닉을 즐길 수 있는 피자 맛집',	'https://pbs.twimg.com/media/E37k456XIAEbE34?format=jpg&name=small;https://pbs.twimg.com/media/E37k5a4X0AAavq5?format=jpg&name=small',	'어나더피크닉',	GeomFromText('POINT(127.174506160159 37.5867575085295)', SRID(point)),	0,	2,	'210615 도영 인스타그램',	'20210615'),
(137,	'2023-04-20 21:41:46',	NULL,	'부산 서구 송도해변로 171',	'깨알정보: 지성이가 탄 케이블카는 크리스탈 크루즈. 추천노래는 고래와 오르골. 블루투스로 음악 감상 가능. 용의 비늘에 소원 적는 것도 잊지마세요! / Hello Busan｜JISUNG VLOG #1',	'https://postfiles.pstatic.net/MjAyMzAzMzBfMTI4/MDAxNjgwMTc3ODQxNTA0.c01C-lZDZnwHpP0qNiMgiYzSD7eNsUxbklSR3_XEjXUg.EjkFVeXJYUacVHRR5vLNOOpnxxTWyKrQ714GiiSpx5Mg.PNG.nct2020nana/%EC%8A%A4%ED%81%AC%EB%A6%B0%EC%83%B7(180).png?type=w966',	'송도해상케이블카',	GeomFromText('POINT(129.023398584644 35.0766433441406)', SRID(point)),	0,	5,	'지성 부산 VLOG｜드림 벌칙 /210604 지성 버블',	'20210620'),
(138,	'2023-04-20 21:41:46',	NULL,	'서울 성동구 성수이로7길 46',	'이 장소에 대한 정보가 따로 없어요. 정보를 추가하고 싶다면 히어시티 SNS로 해당 장소에 대한 설명을 보내주세요:)',	'https://pbs.twimg.com/media/E35CUmYVgAIJ8vy?format=jpg&name=small',	'HDD피자',	GeomFromText('POINT(127.053217241771 37.5429779759624)', SRID(point)),	0,	1,	'텐xREPRESENT 촬영장소',	'20210615'),
(139,	'2023-04-20 21:41:46',	NULL,	'서울 성동구 성수이로7길 26',	'이 장소에 대한 정보가 따로 없어요. 정보를 추가하고 싶다면 히어시티 SNS로 해당 장소에 대한 설명을 보내주세요:)',	'https://pbs.twimg.com/media/E35CQ9fUUAI665L?format=jpg&name=small;https://pbs.twimg.com/media/E35CQ9gUcAUb5Ys?format=jpg&name=small',	'베란다',	GeomFromText('POINT(127.054246393517 37.5415884366623)', SRID(point)),	0,	1,	'텐xREPRESENT 촬영장소',	'20210615'),
(140,	'2023-04-20 21:41:46',	NULL,	'서울 중랑구 묵동 375',	'깨알정보: 장미축제는 매년 5월에 열림',	'https://pbs.twimg.com/media/E3DQupJVoAQHV4M?format=jpg&name=small;https://pbs.twimg.com/media/E3DQuZ1UUAQDt3E?format=jpg&name=small',	'중랑장미공원',	GeomFromText('POINT(127.07327070655 37.6155290428269)', SRID(point)),	0,	1,	'그럼 놀러 가볼까요?ㅣ태용이의 탐구생활 촬영장소 / 210603, 210604 태용 인스타그램',	'20210603'),
(141,	'2023-04-20 21:41:46',	NULL,	'서울 중랑구 망우로70길 118',	'휴무일은 없으나 방송국, 기업 등에서 전체대관을 하는 경우 입장이 제한되니 사전 확인 요망',	'https://pbs.twimg.com/media/E32G7H2VoAED9AT?format=jpg&name=900x900;https://pbs.twimg.com/media/E32G7UYVUAMqRzs?format=jpg&name=small;https://pbs.twimg.com/media/DgJA3fJV4AAd6v1?format=jpg&name=small;https://pbs.twimg.com/media/DgJA4GOXUAEMons?format=jpg&name=small',	'용마랜드',	GeomFromText('POINT(127.104529546043 37.5945146872996)', SRID(point)),	0,	1,	'그럼 놀러 가볼까요?ㅣ태용이의 탐구생활 촬영장소 / Céci | NCT U Next Big Thing',	'20210614'),
(142,	'2023-04-20 21:41:46',	NULL,	'서울 강남구 압구정로46길 50',	'이 장소에 대한 정보가 따로 없어요. 정보를 추가하고 싶다면 히어시티 SNS로 해당 장소에 대한 설명을 보내주세요:)',	'https://pbs.twimg.com/media/E3vgcj_VEAMwfDt?format=jpg&name=small',	'젠틀몬스터 아이아이컴바인드 하우스 도산',	GeomFromText('POINT(127.035679523304 37.5253703709931)', SRID(point)),	0,	1,	'210613 쇼타로 인스타그램',	'20210613'),
(143,	'2023-04-20 21:41:46',	NULL,	'서울 성동구 성수이로7길 41-1',	'이 장소에 대한 정보가 따로 없어요. 정보를 추가하고 싶다면 히어시티 SNS로 해당 장소에 대한 설명을 보내주세요:)',	'https://pbs.twimg.com/media/E31Swd9VEAU3_dZ?format=jpg&name=small',	'옹근달',	GeomFromText('POINT(127.052993587676 37.5427321937879)', SRID(point)),	0,	1,	'텐xREPRESENT 촬영장소 / 210614 텐 인스타그램',	'20210614'),
(144,	'2023-04-20 21:41:46',	NULL,	'서울 서초구 강남대로 27',	'이 장소에 대한 정보가 따로 없어요. 정보를 추가하고 싶다면 히어시티 SNS로 해당 장소에 대한 설명을 보내주세요:)',	'https://pbs.twimg.com/media/E3sRYuyVcAQap3d?format=jpg&name=small',	'양재 꽃시장 (양재동화훼공판장)',	GeomFromText('POINT(127.039136433366 37.4682787075426)', SRID(point)),	0,	1,	'210405 재현 인스타그램',	'20210405'),
(145,	'2023-04-20 21:41:46',	NULL,	'서울 영등포구 당산로32길 7-7 1층',	'김치찌개 외길인생 이동혁 선생이 인정한 진짜 맛집',	'https://postfiles.pstatic.net/MjAyMzAzMzBfMjQ1/MDAxNjgwMTc2NDYxOTcz._ApJY4A8rEnH9p-Z4HRrUlIAeHioP-7koI44HpOABbog.eDtBZbIZlnTDQscIWwtSa5YrNCGwKrwkPRIGQdSFeeMg.PNG.nct2020nana/%EC%82%AC%EC%A7%84%EC%97%86%EC%A0%9C%EB%85%B8.png?type=w966',	'찜생찜사 묵은지김치찜',	GeomFromText('POINT(126.897660436278 37.5266954477063)', SRID(point)),	0,	1,	'해찬픽 뮤뱅 김치찌개 맛집',	'20210611'),
(146,	'2023-04-20 21:41:46',	NULL,	'경기 남양주시 화도읍 북한강로1112번길 21',	'서울 근교에서 만나는 휴양지 한옥을 개조한 아늑하고 조용한 분위기의 퓨전 다이닝카페 / 깨알정보: 도픽 메뉴는 해물누룽지파스타, 아보카도 명란비빔밥, 차돌박이 샐러드이다.',	'https://pbs.twimg.com/media/E3aBY04VoAMv08x?format=jpg&name=small',	'달빛식탁',	GeomFromText('POINT(127.343294915018 37.6135616813797)', SRID(point)),	0,	2,	'210608 도영 인스타그램 / 210611 도영 버블',	'20210608'),
(147,	'2023-04-20 21:41:46',	NULL,	'서울 강남구 논현로149길 12',	'최고등급의 한우와 한돈만을 숙성하여 판매하는 숯불구이 전문점',	'https://pbs.twimg.com/media/E3RJlpaVgAsXo9m?format=jpg&name=small',	'네모집 본점(논현점)',	GeomFromText('POINT(127.027312594869 37.5185740861033)', SRID(point)),	0,	1,	'210607 마크 인스타 스토리',	'20210607'),
(148,	'2023-04-20 21:41:46',	NULL,	'서울 성동구 성수일로4가길 2 1층 창창커피',	'이 장소에 대한 정보가 따로 없어요. 정보를 추가하고 싶다면 히어시티 SNS로 해당 장소에 대한 설명을 보내주세요:)',	'https://pbs.twimg.com/media/E3bUttXUUAEwVTL?format=jpg&name=small',	'창창커피',	GeomFromText('POINT(127.053982764473 37.5420814943666)', SRID(point)),	0,	1,	'210609 텐 인스타그램',	'20210609'),
(149,	'2023-04-20 21:41:46',	NULL,	'강원 양양군 현남면 인구길 28-15 서파리',	'양양 인구해변 최초의 서프스쿨',	'https://pbs.twimg.com/media/E3CUIjxUUAoUyXW?format=jpg&name=900x900',	'서파리',	GeomFromText('POINT(128.762035494041 37.9676199369499)', SRID(point)),	0,	8,	'[WayV-ariety] 텐, 양양, 런쥔 서핑 | TEN X YANGYANG\'s Enjoy The Challenge! Ep.7 / WayVision 촬영장소',	'20210604'),
(150,	'2023-04-20 21:41:46',	NULL,	'강원 양양군 현남면',	'[WayV-ariety] 🐻🦖Surprise support on MV set (ft.RENJUN) | TEN X YANGYANG\'s Enjoy The Challenge! Ep.7',	'',	'인구해수욕장',	GeomFromText('POINT(128.759480350042 37.9692314024162)', SRID(point)),	0,	8,	'[WayV-ariety] 텐, 양양, 런쥔 바다 | TEN X YANGYANG\'s Enjoy The Challenge! Ep.7',	'20210626'),
(151,	'2023-04-20 21:41:46',	NULL,	'경기 남양주시 다산순환로 50',	'국내 유일 갤러리형 프리미엄 아울렛',	'https://pbs.twimg.com/media/Et3RlXDVkAA97sQ?format=jpg&name=small;https://pbs.twimg.com/media/Et3Rmd4U0AI_bgr?format=jpg&name=small',	'현대프리미엄아울렛스페이스원',	GeomFromText('POINT(127.152429100255 37.616257926116)', SRID(point)),	0,	2,	'210210 도영 인스타그램',	'20210210'),
(152,	'2023-04-20 21:41:46',	NULL,	'서울 성동구 뚝섬로9길 20 2층',	'성수동 오므라이스 & 파스타 맛집 / [WayV-log] 🌼Exploring Seongsu-dong with YANGYANG🌼',	'https://pbs.twimg.com/media/E2SH3eUVEAQjlFF?format=jpg&name=small',	'성수다락',	GeomFromText('POINT(127.056230858393 37.539928677681)', SRID(point)),	0,	1,	'[WayV-log] 양양 성수동 탐방 / 210526 양양 인스타그램',	'20210527'),
(153,	'2023-04-20 21:41:46',	NULL,	'경기 광주시 초월읍 경충대로 1337-74',	'자연과 함께하는 힐링편집카페',	'https://pbs.twimg.com/media/E2nyYvgVkAUdooA?format=jpg&name=900x900;https://pbs.twimg.com/media/E0ddwFGVIAE2yuo?format=jpg&name=small;https://pbs.twimg.com/media/E0igjVFUcAARTxf?format=jpg&name=small;https://pbs.twimg.com/media/E1CFRttVUAECw4N?format=jpg&name=small;https://pbs.twimg.com/media/E2nyKksVcAorLw9?format=jpg&name=small',	'퍼들하우스',	GeomFromText('POINT(127.278800053575 37.3932116913252)', SRID(point)),	0,	2,	'NCT 127 네이처리퍼블릭 포토북 촬영장소 / 210503 쟈니 인스타그램 / 210504 마크 인스타그램 / 210510, 210530 태용 인스타그램',	'20210503'),
(154,	'2023-04-20 21:41:46',	NULL,	'서울 광진구 자양동',	'7호선 뚝섬유원지역 1번출구에서 직진하면 나오는 농구장',	'https://pbs.twimg.com/media/E29bp0eVEAUmZ7p?format=jpg&name=small',	'뚝섬 유원지 Art Cube 농구장',	GeomFromText('POINT(127.073018338792 37.5311077958689)', SRID(point)),	0,	1,	'2020 WayV 시즌그리팅 촬영장소 / 210603 샤오쥔 인스타스토리',	'20210603'),
(155,	'2023-04-20 21:41:46',	NULL,	'강원 양양군 현남면 인구길 38 1층',	'양양 젤라또 맛집, 바로 앞에 예쁜 꽃밭이 있어요',	'https://pbs.twimg.com/media/E3CYPmaVkAMRhjF?format=jpg&name=small;https://pbs.twimg.com/media/E3CYVMFUUAQhQeV?format=jpg&name=small;https://pbs.twimg.com/media/E3CZi51UUAMJkhz?format=png&name=360x360;https://pbs.twimg.com/media/E3CdFr2UYAE0Wrk?format=jpg&name=small',	'페이보릿',	GeomFromText('POINT(128.761944369353 37.9675494160012)', SRID(point)),	0,	8,	'[WayV-ariety] 텐, 양양, 런쥔 카페 | TEN X YANGYANG\'s Enjoy The Challenge! Ep.7',	'20210604'),
(156,	'2023-04-20 21:41:46',	NULL,	'서울 성동구 성수이로 82 2층',	'카페 브랜드 텅 TONGUE은 혀를 통해 맛을 느끼고 커뮤니케이션하는 감각적인 순간에 집중합니다 / [WayV-log] 🌼Exploring Seongsu-dong with YANGYANG🌼',	'https://pbs.twimg.com/media/E0XcWJKVkAAKPst?format=jpg&name=small;https://pbs.twimg.com/media/E2SNyVDVEAECE7c?format=jpg&name=small;https://pbs.twimg.com/media/E2SNz9EVgAAxGfT?format=jpg&name=small',	'텅 성수 스페이스',	GeomFromText('POINT(127.056545931001 37.5422599541252)', SRID(point)),	0,	1,	'[WayV-log] 양양 성수동 탐방 / 210502 양양 인스타그램',	'20210502'),
(157,	'2023-04-20 21:41:46',	NULL,	'서울 강남구 도산대로 535 용강빌딩',	'28년 전통 숯불구이의 명가, 강강술래',	'https://postfiles.pstatic.net/MjAyMzAzMzBfMjg1/MDAxNjgwMTc2NDYxOTQx.nzj0dv6Pxsg5Dp_i3af4FRdVrnHgdgafIPJzVhFthFsg.KGncJ_e6UefFmyJ8a6UrbNQzXOkyFk6011NxTBH5adUg.PNG.nct2020nana/%EB%B2%84%EB%B8%94%EC%A7%80%EC%84%B1.png?type=w966',	'강강술래 청담점',	GeomFromText('POINT(127.052165519622 37.5251802553183)', SRID(point)),	0,	1,	'210523 텐 버블',	'20210523'),
(158,	'2023-04-20 21:41:46',	NULL,	'서울 종로구 평창길 338 라엘하우스',	'단체여행, 가족모임, 워크샵 하기에 적합한 장소 / 넓은 정원과 바베큐장 보유',	'https://pbs.twimg.com/media/E14k2llVIAI7pqP?format=jpg&name=900x900',	'라엘하우스',	GeomFromText('POINT(126.978312166803 37.6127113220561)', SRID(point)),	0,	1,	'소년멘탈캠프 NCT DREAM 편 촬영장소',	'20210521'),
(159,	'2023-04-20 21:41:46',	NULL,	'서울 송파구 백제고분로 243 삼전빌딩 지하',	'아이홉 맥주 공방은 맥주를 사랑하는 사람들 모두에게 열려있는 홈브루잉 아지트. 나만의 수제맥주를 만들어보세요. 방문 일주일 전 예약 요망 / We brew the BEST BEER in the World! 🍺 | Johnny’s Communication Center (JCC) Ep.28',	'https://pbs.twimg.com/media/E1v0sgKVoAYmNHS?format=jpg&name=900x900',	'아이홉 맥주공방',	GeomFromText('POINT(127.093755670155 37.5030547450092)', SRID(point)),	0,	1,	'210519 JCC 쟈씨씨 EP.28 맥주공방',	'20210519'),
(160,	'2023-04-20 21:41:46',	NULL,	'서울 동대문구 천호대로69길 12 옥상',	'이 장소에 대한 정보가 따로 없어요. 정보를 추가하고 싶다면 히어시티 SNS로 해당 장소에 대한 설명을 보내주세요:)',	'https://pbs.twimg.com/media/E1b4Ui2VIAcGqxv?format=jpg&name=900x900',	'토모풋살파크',	GeomFromText('POINT(127.051889521016 37.5684892300284)', SRID(point)),	0,	1,	'김정우의 이 사람을 찾아서 “축구는 열정이다” 정성찬편 촬영장소',	'20210515'),
(161,	'2023-04-20 21:41:46',	NULL,	'경기 남양주시 화도읍 북한강로 1630-18 더드림핑',	'서울근교 최대 규모의 다양한 볼거리, 즐길거리가 넘치는 글램핑&아웃도어 복합레저공간 더드림핑',	'https://pbs.twimg.com/media/E1w7TUlVUAMPtZg?format=jpg&name=large;https://pbs.twimg.com/media/E1w7TeJVEAQRjeT?format=jpg&name=small',	'더드림핑 글램핑',	GeomFromText('POINT(127.370233192016 37.6525382156451)', SRID(point)),	0,	2,	'210519 쿤, 텐, 샤오쥔, 양양 SNS',	'20210519'),
(162,	'2023-04-20 21:41:46',	NULL,	'서울 성동구 뚝섬로 273',	'깨알정보: 상세 촬영장소는 마지막 사진을 확인해주세요.',	'https://pbs.twimg.com/media/E1b2Js7VcAQaiB5?format=jpg&name=small;https://pbs.twimg.com/media/Di2zUXnUUAU45nS?format=jpg&name=large;https://pbs.twimg.com/media/Di3lQtlVsAAiErI?format=jpg&name=large',	'서울숲',	GeomFromText('POINT(127.041799099222 37.5430701468405)', SRID(point)),	0,	1,	'210515 쇼타로 인스타그램 / [네이버 x 디스패치] 태용편',	'20210515'),
(163,	'2023-04-20 21:41:46',	NULL,	'경기 가평군 가평읍 달전리 1-1',	'깨알정보: 도영이 방문한 자라섬 국제재즈페스티벌은 매년 9~10월 중에 열린다.',	'https://pbs.twimg.com/media/EGU1irwUYAAcsHy?format=jpg&name=small;https://pbs.twimg.com/media/EGU2h8FVUAAj9Ey?format=jpg&name=small',	'자라섬',	GeomFromText('POINT(127.535440203203 37.8104407838832)', SRID(point)),	0,	2,	'191008 도영 자라섬 국제재즈페스티벌 / 210517 도영 인스타그램',	'20210517'),
(164,	'2023-04-20 21:41:46',	NULL,	'경기 파주시 군내면 적십자로 137',	'드라마 <태양의 후예> 촬영지로 유명한 곳. 민간인통제구역안에 위치해있어 네비게이션 검색이 불가능, 네비게이션에 \'통일대교\'로 검색할 것.',	'https://pbs.twimg.com/media/E08BwKCVEAMeZRC?format=jpg&name=small;https://pbs.twimg.com/media/E08BwKCVEAMeZRC?format=jpg&name=small;https://pbs.twimg.com/media/E08FIdJUYAkhmJ6?format=jpg&name=small',	'캠프그리브스',	GeomFromText('POINT(126.731632986164 37.8984298975425)', SRID(point)),	0,	2,	'NCT DREAM The 1st Album \'맛 (Hot Sauce)\' 자켓 촬영장소',	'20210509'),
(165,	'2023-04-20 21:41:46',	NULL,	'인천 강화군 길상면 보리고개로 174',	'이 장소에 대한 정보가 따로 없어요. 정보를 추가하고 싶다면 히어시티 SNS로 해당 장소에 대한 설명을 보내주세요:)',	'https://pbs.twimg.com/media/E09RrtPVgAQZqSj?format=jpg&name=small',	'카페 드 로얄',	GeomFromText('POINT(126.487371320101 37.6247901373902)', SRID(point)),	0,	7,	'WayV The 3rd Mini Album \'Kick Back\' 자켓 촬영장소',	'20210510'),
(166,	'2023-04-20 21:41:46',	NULL,	'서울 서초구 서초대로73길 12 세계빌딩',	'깨알정보: 딘타이펑은 한국에 5개의 지점이 있다. 가까운 곳으로 가세요!',	'https://pbs.twimg.com/media/E1Utit0VUAcdJ_D?format=jpg&name=small',	'딘타이펑 강남점',	GeomFromText('POINT(127.025735420451 37.4985502394657)', SRID(point)),	0,	1,	'210514 천러 웨이보',	'20210514'),
(167,	'2023-04-20 21:41:46',	NULL,	'서울 강남구 도산대로45길 10-3 2,3층',	'압구정로데오 브런치카페+꽃집',	'https://pbs.twimg.com/media/E0s5DeYVgAEVOBM?format=jpg&name=small;https://pbs.twimg.com/media/E0s5DhGVUAQfVTl?format=jpg&name=small',	'르자당 도산점',	GeomFromText('POINT(127.036003774936 37.523308058396)', SRID(point)),	0,	1,	'210506 <동형제 첫 리얼리티? 라고나 할까> 촬영장소',	'20210506'),
(168,	'2023-04-20 21:41:47',	NULL,	'경기 남양주시 조안면 북한강로853번길 1 하백',	'북한강 바로 옆 데이트하기 좋은 남양주 카페',	'https://pbs.twimg.com/media/Exu1ukkU8AU3BDP?format=jpg&name=small;https://pbs.twimg.com/media/E0UftYBVkAARJcM?format=jpg&name=small',	'하백 촬영소점',	GeomFromText('POINT(127.336789985475 37.592532393296)', SRID(point)),	0,	2,	'210330 도영 버블&인스타그램 / 210402 쟈니 인스타그램',	'20210330'),
(169,	'2023-04-20 21:41:47',	NULL,	'서울 강남구 언주로65길 13 제이케이빌딩 3층',	'[WayV-ariety] 🎨Finding My Personal Color | TEN X YANGYANG\'s Enjoy The Challenge! Ep.5 (Part.1)',	'https://pbs.twimg.com/media/E0ewfqlVgAcj_SX?format=jpg&name=small;https://pbs.twimg.com/media/E0ewfrIVoAImHmC?format=jpg&name=small',	'컬러플레이스',	GeomFromText('POINT(127.044905860235 37.4951038340829)', SRID(point)),	0,	1,	'[WayV-ariety] 퍼스널컬러편 촬영장소 | TEN X YANGYANG\'s Enjoy The Challenge! Ep.5 (Part.1)',	'20210503'),
(170,	'2023-04-20 21:41:47',	NULL,	'서울 강남구 도산대로83길 39',	'이 장소에 대한 정보가 따로 없어요. 정보를 추가하고 싶다면 히어시티 SNS로 해당 장소에 대한 설명을 보내주세요:)',	'https://pbs.twimg.com/media/Ezvv9cdUUAMjlq4?format=jpg&name=small',	'공간21s',	GeomFromText('POINT(127.048642564857 37.5270230466048)', SRID(point)),	0,	1,	'210424 쇼타로 인스타그램',	'20210424'),
(171,	'2023-04-20 21:41:47',	NULL,	'서울 강남구 압구정로72길 10 2층 데칸트',	'애프터눈 티를 즐길 수 있는 분위기 좋은 청담 카페',	'https://pbs.twimg.com/media/Ez4yKfTUcAQ0fqd?format=jpg&name=large',	'데칸트',	GeomFromText('POINT(127.044942284757 37.5258729419845)', SRID(point)),	0,	1,	'210426 텐 인스타그램',	'20210426'),
(172,	'2023-04-20 21:41:47',	NULL,	'경기 파주시 광탄면 부흥로 242',	'동양과 서양의 아름다운 정원을 모두 품은 곳. 깨알정보: 벽초지의 봄꽃축제는 보통 4~5월에 개최된다.',	'https://pbs.twimg.com/media/Ez9sptCUcAADMXM?format=jpg&name=small;https://pbs.twimg.com/media/Ez9sqE4UcAEpFY0?format=jpg&name=small',	'벽초지 수목원',	GeomFromText('POINT(126.874055378163 37.8014263556541)', SRID(point)),	0,	2,	'210427 재현&태용 인스타 스토리',	'20210427'),
(173,	'2023-04-20 21:41:47',	NULL,	'서울 용산구 이태원로 248',	'무료로 LP 청음이 가능한 이태원 핫플',	'https://pbs.twimg.com/media/EFJ__0GVUAIw7fT?format=jpg&name=900x900',	'현대카드 Vinyl & Plastic',	GeomFromText('POINT(127.000866126411 37.5368105457993)', SRID(point)),	0,	1,	'일상의 재현 : 윤오의 첫 번째 턴테이블 촬영장소 / 210421 쇼타로 인스타그램',	'20210421'),
(174,	'2023-04-20 21:41:47',	NULL,	'경기 양평군 옥천면 고읍로 296-1',	'럭셔리 프라이빗 하우스 호텔',	'https://pbs.twimg.com/media/EzK-S2dUcAkgZby?format=jpg&name=small,https://pbs.twimg.com/media/EzK-TFXUUAM6RE2?format=jpg&name=medium',	'팜트리아트펜션',	GeomFromText('POINT(127.471232444078 37.5264465884343)', SRID(point)),	0,	2,	'7llin’ in the DREAM 칠링인더드림 촬영장소',	'20210417'),
(175,	'2023-04-20 21:41:47',	NULL,	'서울 강남구 논현로 854 안다즈호텔 지하 1층 112호',	'17개의 치즈로 요리하는 재미있고 위트있는 이탈리안 레스토랑. 깨알정보: 텐은 4번 자리에 앉았다.',	'https://pbs.twimg.com/media/EzGB9yTUYAghAqD?format=jpg&name=small;https://pbs.twimg.com/media/EzGrpdXUUAAjSHn?format=jpg&name=small',	'치즈룸 안다즈',	GeomFromText('POINT(127.028865132152 37.5253215967063)', SRID(point)),	0,	1,	'210416 텐 인스타그램',	'20210416'),
(176,	'2023-04-20 21:41:47',	NULL,	'서울 강남구 영동대로 513',	'이 장소에 대한 정보가 따로 없어요. 정보를 추가하고 싶다면 히어시티 SNS로 해당 장소에 대한 설명을 보내주세요:)',	'https://pbs.twimg.com/media/EzQA4B-VUAEFi-y?format=jpg&name=small;https://pbs.twimg.com/media/EzQA4CQUcAAvdA7?format=jpg&name=large',	'코엑스아쿠아리움',	GeomFromText('POINT(127.059159043842 37.5118239121138)', SRID(point)),	0,	1,	'210418 태용 인스타그램',	'20210418'),
(177,	'2023-04-20 21:41:47',	NULL,	'경기 동두천시 안흥로 65-42',	'이 장소에 대한 정보가 따로 없어요. 정보를 추가하고 싶다면 히어시티 SNS로 해당 장소에 대한 설명을 보내주세요:)',	'https://pbs.twimg.com/media/Ey2MKdoU4AUFLd7?format=jpg&name=900x900',	'파인힐빌리지캠핑장',	GeomFromText('POINT(127.042948748608 37.9232983264451)', SRID(point)),	0,	2,	'캠핑 말고 먹핑｜Chilling Mukping 촬영장소',	'20210413'),
(178,	'2023-04-20 21:41:47',	NULL,	'서울 강남구 선릉로152길 21',	'청담동에 위치한 세계적으로 유명한 스테이크 하우스의 한국 1호점',	'https://pbs.twimg.com/media/Eyn44caXIAEh3jC?format=jpg&name=medium;https://pbs.twimg.com/media/EPIXfNfU4AAy95d?format=jpg&name=900x900',	'울프강 스테이크하우스',	GeomFromText('POINT(127.041463043475 37.5244973932097)', SRID(point)),	0,	1,	'210411 텐 인스타 스토리 / 200125 태용 공계 with 뉴이스트 JR',	'20210411'),
(179,	'2023-04-20 21:41:47',	NULL,	'서울 강남구 대치동',	'이 장소에 대한 정보가 따로 없어요. 정보를 추가하고 싶다면 히어시티 SNS로 해당 장소에 대한 설명을 보내주세요:)',	'https://pbs.twimg.com/media/EycIWd5VcAUWMzf?format=jpg&name=small',	'양재천',	GeomFromText('POINT(127.056693501258 37.4932421505467)', SRID(point)),	0,	1,	'210408 태용 인스타그램',	'20210408'),
(180,	'2023-04-20 21:41:47',	NULL,	'부산 부산진구 성지곡로 11',	'깨알정보: 도영이 추천받은 로컬맛집. 도영&태용은 칼국수와 비빔수제비, 부추전을 먹었다.',	'https://pbs.twimg.com/media/ExVNSQKU4AgHeb5?format=jpg&name=900x900;https://pbs.twimg.com/media/ExVNScDVoAAtpZd?format=jpg&name=small',	'대공원칼국수&수제비',	GeomFromText('POINT(129.047258420104 35.1834468989295)', SRID(point)),	0,	5,	'태용이의 탐구생활 in Busan 도영 추천 맛집',	'20210325'),
(181,	'2023-04-20 21:41:47',	NULL,	'부산 해운대구 구남로 9',	'해운대 해수욕장까지 도보 500m, 벡스코까지 10분 소요 / 최고의 입지를 자랑하는 호텔',	'https://pbs.twimg.com/media/ExVL2HTVgAA5b8p?format=jpg&name=900x900',	'라마다앙코르 바이윈덤 부산 해운대',	GeomFromText('POINT(129.159614124407 35.1633069847366)', SRID(point)),	0,	5,	'태용이의 탐구생활 in Busan 숙소',	'20210325'),
(182,	'2023-04-20 21:41:47',	NULL,	'인천 강화군 길상면 전등사로 80 1층 카페 곧은',	'감각적인 인테리어와 조용해서 좋은 강화도 카페',	'https://pbs.twimg.com/media/Ex0fGMmUcAItpf0?format=jpg&name=900x900;https://pbs.twimg.com/media/Ex0fHAIU4AAX9QV?format=jpg&name=small',	'곧은',	GeomFromText('POINT(126.49256227814 37.6351328181918)', SRID(point)),	0,	7,	'Cafe 7 DREAM 카페7드림 촬영지',	'20210401'),
(183,	'2023-04-20 21:41:47',	NULL,	'부산 해운대구 해운대해변로 292',	'한국관광협회중앙회 호텔업등급관리국에서 5성으로 인증받은 호텔',	'https://pbs.twimg.com/media/ExVMyGtVgAE-vF3?format=jpg&name=900x900',	'그랜드 조선 부산',	GeomFromText('POINT(129.163127599383 35.1600663074705)', SRID(point)),	0,	5,	'태용이의 탐구생활 in Busan 숙소',	'20210325'),
(184,	'2023-04-20 21:41:47',	NULL,	'부산 해운대구 달맞이길 229 삼우가든',	'부산 해운대 속시원한 기와집 대구탕',	'https://pbs.twimg.com/media/ExVMXfNVcAQp55T?format=jpg&name=900x900',	'속시원한대구탕',	GeomFromText('POINT(129.184098860205 35.1609974341404)', SRID(point)),	0,	5,	'태용이의 탐구생활 in Busan 음식점',	'20210325'),
(185,	'2023-04-20 21:41:47',	NULL,	'서울 강남구 압구정로80길 40 첨담동mue사옥',	'[NOVO 아파트먼트 전시회] 전시기간: 2021.02.25 — 2021.03.28 / 명품 의류 편집숍',	'https://pbs.twimg.com/media/ExAhJv7UcAQxF7f?format=jpg&name=small',	'무이 mue',	GeomFromText('POINT(127.043330309088 37.5246899879081)', SRID(point)),	0,	1,	'210321 태용 인스타그램 전시회',	'20210321'),
(186,	'2023-04-20 21:41:47',	NULL,	'서울 중구 남대문로9길 12 9층',	'을지로에서 시티뷰를 바라보며 잠시 허구의 휴가를 즐길 수 있는 곳.',	'https://pbs.twimg.com/media/Ew_ZwgpUUAQyZcg?format=jpg&name=small;https://pbs.twimg.com/media/Ew_ZwyAVEAAx2HI?format=jpg&name=small',	'바캉스커피',	GeomFromText('POINT(126.981744728069 37.5668661671608)', SRID(point)),	0,	1,	'Cafe vlog｜Cafe 7 DREAM 자컨 촬영장소 / 210321 쟈니&재현 인스타그램 (photo by 마크)',	'20210321'),
(187,	'2023-04-20 21:41:47',	NULL,	'강원 화천군 간동면 춘양로 924 102호',	'이 장소에 대한 정보가 따로 없어요. 정보를 추가하고 싶다면 히어시티 SNS로 해당 장소에 대한 설명을 보내주세요:)',	'https://pbs.twimg.com/media/Eu1HdfPVcAcF9bz?format=jpg&name=900x900;https://pbs.twimg.com/media/Eu1HeIbU4AA_0BS?format=jpg&name=small',	'토지숯불철판닭갈비',	GeomFromText('POINT(127.820668857104 38.0285107142856)', SRID(point)),	0,	8,	'WayVision2 음식점',	'20210222'),
(188,	'2023-04-20 21:41:47',	NULL,	'강원 화천군 화천읍 중앙로1길 14-5',	'이 장소에 대한 정보가 따로 없어요. 정보를 추가하고 싶다면 히어시티 SNS로 해당 장소에 대한 설명을 보내주세요:)',	'https://pbs.twimg.com/media/Ev9DqHGUYAM28-z?format=jpg&name=small;https://pbs.twimg.com/media/Ev9Dq5MUUAE7zbj?format=jpg&name=small',	'화천삼나물밥상',	GeomFromText('POINT(127.705786409962 38.1055007742321)', SRID(point)),	0,	8,	'WayVision2 음식점',	'20210308'),
(189,	'2023-04-20 21:41:47',	NULL,	'제주 제주시 구좌읍 구좌로 60 1층',	'태용이가 가보고 싶다고 한 카페',	'https://postfiles.pstatic.net/MjAyMzAzMzBfMjQ1/MDAxNjgwMTc2NDYxOTcz._ApJY4A8rEnH9p-Z4HRrUlIAeHioP-7koI44HpOABbog.eDtBZbIZlnTDQscIWwtSa5YrNCGwKrwkPRIGQdSFeeMg.PNG.nct2020nana/%EC%82%AC%EC%A7%84%EC%97%86%EC%A0%9C%EB%85%B8.png?type=w966',	'카카오패밀리 세화',	GeomFromText('POINT(126.85747498745 33.5225968970151)', SRID(point)),	0,	9,	'210304 태용 버블',	'20210304'),
(190,	'2023-04-20 21:41:47',	NULL,	'제주 제주시 해안마을북길 13-39',	'귤나무가 가득한 제주 힐링 카페. 귤따기 체험도 가능.',	'https://pbs.twimg.com/media/EvS-u9lVEAEDoqo?format=jpg&name=small',	'두갓',	GeomFromText('POINT(126.449301209336 33.4646052770958)', SRID(point)),	0,	9,	'210126 텐 인스타그램 / 210228 헨드리 인스타그램',	'20210126'),
(191,	'2023-04-20 21:41:47',	NULL,	'제주 제주시 구좌읍 해맞이해안로 1254-2',	'제주 최고의 전복요리 전문점',	'https://pbs.twimg.com/media/EvS2FPmVIAAi7QU?format=jpg&name=small',	'평대전복',	GeomFromText('POINT(126.846947244944 33.5314675224974)', SRID(point)),	0,	9,	'210228 샤오쥔 인스타그램',	'20210228'),
(192,	'2023-04-20 21:41:47',	NULL,	'제주 제주시 구좌읍 해맞이해안로',	'감녕에서 종달리까지 이어지는 드라이브 코스. 푸른 바다와 맑은 하늘의 제주를 느낄 수 있는 매력적인 곳.',	'https://pbs.twimg.com/media/EvS3wBfVcAEmGA_?format=jpg&name=small',	'해맞이해안로',	GeomFromText('POINT(126.847656546382 33.5323494390827)', SRID(point)),	0,	9,	'210228 샤오쥔 인스타그램',	'20210228'),
(193,	'2023-04-20 21:41:47',	NULL,	'부산광역시 중구 영주동 91-7',	'이 장소에 대한 정보가 따로 없어요. 정보를 추가하고 싶다면 히어시티 SNS로 해당 장소에 대한 설명을 보내주세요:)',	'https://pbs.twimg.com/media/EnCa1tiUwAI85JO?format=jpg&name=small;https://pbs.twimg.com/media/EtS4BLvVgAAjnrM?format=jpg&name=900x900',	'영주하늘눈전망대',	GeomFromText('POINT(129.03066403475 35.1145604027451)', SRID(point)),	0,	5,	'심야카페 시즌3 촬영장소 / 201112, 201117 도영 버블&인스타그램',	'20210203'),
(194,	'2023-04-20 21:41:47',	NULL,	'부산 동구 초량동 994-155',	'이 장소에 대한 정보가 따로 없어요. 정보를 추가하고 싶다면 히어시티 SNS로 해당 장소에 대한 설명을 보내주세요:)',	'https://pbs.twimg.com/media/EtS4cQVVkAIraGD?format=jpg&name=900x900',	'이바구길 모노레일',	GeomFromText('POINT(129.035456256183 35.1171903628749)', SRID(point)),	0,	5,	'심야카페 시즌3 촬영장소',	'20210203'),
(195,	'2023-04-20 21:41:47',	NULL,	'부산 서구 암남로94번길 94',	'송도 바닷가가 한눈에 보이는 카페',	'https://pbs.twimg.com/media/EtTHh7AU4AAgiak?format=jpg&name=small;https://pbs.twimg.com/media/EtTL6bDUcAEw2DA?format=jpg&name=medium;https://pbs.twimg.com/media/EtTKPJZVgAMoOZI?format=jpg&name=small',	'카페해인',	GeomFromText('POINT(129.012463060658 35.0748206929608)', SRID(point)),	0,	5,	'심야카페 시즌3 촬영장소 심야카페 / 201117 도영 인스타그램',	'20210203'),
(196,	'2023-04-20 21:41:47',	NULL,	'부산 해운대구 반송순환로 142-1',	'이 장소에 대한 정보가 따로 없어요. 정보를 추가하고 싶다면 히어시티 SNS로 해당 장소에 대한 설명을 보내주세요:)',	'https://pbs.twimg.com/media/EuhKzPiVIAIt9eT?format=jpg&name=900x900',	'영산고등학교',	GeomFromText('POINT(129.155449657942 35.2260586222154)', SRID(point)),	0,	5,	'심야카페 시즌3 촬영장소',	'20210203'),
(197,	'2023-04-20 21:41:47',	NULL,	'부산 동구 망양로525번길 22',	'부산역에서 버스로 10분, 항구도시 부산의 정체성을 고스란히 전해주는 부산항과 구도심이 한눈에 내려다 보여요.',	'https://pbs.twimg.com/media/EuhX8ZFVcAQDcsq?format=jpg&name=900x900',	'이바구캠프',	GeomFromText('POINT(129.028523638372 35.1191506042481)', SRID(point)),	0,	5,	'심야카페 시즌3 촬영장소 지우의 집',	'20210203'),
(198,	'2023-04-20 21:41:47',	NULL,	'경기 구리시 교문동 537',	'이 장소에 대한 정보가 따로 없어요. 정보를 추가하고 싶다면 히어시티 SNS로 해당 장소에 대한 설명을 보내주세요:)',	'https://pbs.twimg.com/media/EuIOL-BVcAANdLl?format=jpg&name=small;https://pbs.twimg.com/media/EuIOL-CUcAAWxzk?format=jpg&name=small',	'장자호수공원',	GeomFromText('POINT(127.138798048409 37.5825384280394)', SRID(point)),	0,	2,	'210213 도영 인스타그램 / 180602 엔나나 도영추천 시즈니투어장소',	'20210213'),
(199,	'2023-04-20 21:41:47',	NULL,	'경남 통영시 동피랑2길 30 버거싶다',	'동피랑 벽화마을 전망대 바로 아래 몽마르다언덕 건물 루프탑 수제버거 맛집',	'https://pbs.twimg.com/media/EuLQHJWVoAkZDs9?format=jpg&name=small',	'버거싶다',	GeomFromText('POINT(128.427217556576 34.8458058839298)', SRID(point)),	0,	11,	'210214 재현 인스타그램',	'20210214'),
(200,	'2023-04-20 21:41:47',	NULL,	'서울 강남구 삼성로 517 1층 105호',	'깨알정보: 추천메뉴는 크림치즈 새우퐁듀',	'https://postfiles.pstatic.net/MjAyMzAzMzBfMjg1/MDAxNjgwMTc2NDYxOTQx.nzj0dv6Pxsg5Dp_i3af4FRdVrnHgdgafIPJzVhFthFsg.KGncJ_e6UefFmyJ8a6UrbNQzXOkyFk6011NxTBH5adUg.PNG.nct2020nana/%EB%B2%84%EB%B8%94%EC%A7%80%EC%84%B1.png?type=w966',	'장정정',	GeomFromText('POINT(127.055223583203 37.5079854660981)', SRID(point)),	0,	1,	'210126 윈윈&헨드리 버블',	'20210126'),
(201,	'2023-04-20 21:41:47',	NULL,	'서울 강남구 선릉로146길 45',	'트렌디한 네일디자인을 선도하는 네일 셀렉트숍 유니스텔라',	'https://pbs.twimg.com/media/EtTcIFNVoAY3nt0?format=jpg&name=900x900;https://pbs.twimg.com/media/EscE-rLVcAQKEe6?format=jpg&name=small',	'유니스텔라',	GeomFromText('POINT(127.043499037498 37.5216693149587)', SRID(point)),	0,	1,	'210203 JCC 쟈씨씨 EP.26 네일샵 with 유타 / 210123 쟈니 인스타그램',	'20210203'),
(202,	'2023-04-20 21:41:47',	NULL,	'제주 제주시 애월읍 금성리 573-1',	'이 장소에 대한 정보가 따로 없어요. 정보를 추가하고 싶다면 히어시티 SNS로 해당 장소에 대한 설명을 보내주세요:)',	'https://postfiles.pstatic.net/MjAyMzAzMzBfMjg1/MDAxNjgwMTc2NDYxOTQx.nzj0dv6Pxsg5Dp_i3af4FRdVrnHgdgafIPJzVhFthFsg.KGncJ_e6UefFmyJ8a6UrbNQzXOkyFk6011NxTBH5adUg.PNG.nct2020nana/%EB%B2%84%EB%B8%94%EC%A7%80%EC%84%B1.png?type=w966',	'금성포구',	GeomFromText('POINT(126.298192482405 33.4468383951546)', SRID(point)),	0,	9,	'210124 윈윈 버블',	'20210124'),
(203,	'2023-04-20 21:41:47',	NULL,	'서울 마포구 양화로 141',	'이 장소에 대한 정보가 따로 없어요. 정보를 추가하고 싶다면 히어시티 SNS로 해당 장소에 대한 설명을 보내주세요:)',	'https://pbs.twimg.com/media/EsLRmiyVoAIjm77?format=jpg&name=small;https://pbs.twimg.com/media/EsLRmiyUcAA1A5M?format=jpg&name=small',	'L7홍대',	GeomFromText('POINT(126.921669461673 37.5557534793508)', SRID(point)),	0,	1,	'ARENA HOMME+ 아레나 옴므 2018 6월호 (태일, 유타, 마크)',	'20180601'),
(204,	'2023-04-20 21:41:47',	NULL,	'강원 양양군 현남면 창리',	'울창한 소나무숲과 맑고 푸른 물, 깨끗한 모래가 있는 해수욕장. 개장기간: 매년 7-8월 중',	'https://pbs.twimg.com/media/ErNlLAsVgAEPGoO?format=jpg&name=900x900',	'북분리해수욕장',	GeomFromText('POINT(128.751900131707 37.9712687431423)', SRID(point)),	0,	8,	'[DREAM A DREAM] 촬영장소',	'20210108'),
(205,	'2023-04-20 21:41:47',	NULL,	'서울 강남구 영동대로 506',	'이 장소에 대한 정보가 따로 없어요. 정보를 추가하고 싶다면 히어시티 SNS로 해당 장소에 대한 설명을 보내주세요:)',	'https://pbs.twimg.com/media/Er2yi0tVgAMDGLn?format=jpg&name=900x900',	'신라스테이 삼성',	GeomFromText('POINT(127.0631778346 37.5099098998109)', SRID(point)),	0,	1,	'박지성! 옥상으로 따라와 : Rooftop Fight 촬영장소',	'20210116'),
(206,	'2023-04-20 21:41:47',	NULL,	'강원 양양군 양양읍 거마리 356',	'이 장소에 대한 정보가 따로 없어요. 정보를 추가하고 싶다면 히어시티 SNS로 해당 장소에 대한 설명을 보내주세요:)',	'https://pbs.twimg.com/media/ErNr9WZUUAcc1Ma?format=jpg&name=small;https://pbs.twimg.com/media/ErNr9YEUYAU5pvq?format=jpg&name=small',	'스테이비욘드',	GeomFromText('POINT(128.590013146678 38.0945031761651)', SRID(point)),	0,	8,	'[DREAM A DREAM] 촬영장소',	'20210108'),
(207,	'2023-04-20 21:41:47',	NULL,	'경기 김포시 대곶면 천호로 210',	'이 장소에 대한 정보가 따로 없어요. 정보를 추가하고 싶다면 히어시티 SNS로 해당 장소에 대한 설명을 보내주세요:)',	'https://pbs.twimg.com/media/Epb_sqvUUAEOzz4?format=jpg&name=small;https://pbs.twimg.com/media/Epb_sKoVoAAZ8ha?format=jpg&name=small',	'에어로피스',	GeomFromText('POINT(126.572525194345 37.6160944117669)', SRID(point)),	0,	2,	'NCT U \'Work It\' MV 촬영지',	'20201127'),
(208,	'2023-04-20 21:41:47',	NULL,	'서울 강남구 압구정로4길 27-2 지하 1층 다크룸 포토매틱',	'강남 가로수길 필름 카메라의 A to Z 경험할 수 있는 다크룸!',	'https://pbs.twimg.com/media/Emq4HvwVcAAvJwl?format=jpg&name=small',	'다크룸 포토매틱',	GeomFromText('POINT(127.021002470404 37.5215068802199)', SRID(point)),	0,	1,	'NCT WORLD 2.0 촬영장소',	'20201113'),
(209,	'2023-04-20 21:41:47',	NULL,	'경기 평택시 고덕면 도시지원1길 91',	'워터파크 수영장, 스핀라이더, 찜질방, 체육시설, 산책로 등 5가지 즐거움이 있는 곳.',	'https://pbs.twimg.com/media/Epb_T5fU0AA0MgL?format=jpg&name=small',	'오썸플렉스',	GeomFromText('POINT(127.01459102057 37.0294541004764)', SRID(point)),	0,	2,	'NCT U \'Work It\' MV 촬영지',	'20201127'),
(210,	'2023-04-20 21:41:47',	NULL,	'강원 정선군 고한읍 함백산로 1445-44',	'잊혀져 가는 광부들의 이야기를 캐내어 그들을 살아 숨쉬게 하는 곳. 2015 한국인이 꼭 가봐야 할 \'한국관광 100선\' 선정',	'https://pbs.twimg.com/media/EnumrXrVgAAF3DH?format=jpg&name=small;https://pbs.twimg.com/media/Enumr56VcAASP0-?format=jpg&name=large',	'삼탄아트마인',	GeomFromText('POINT(128.883616151698 37.1850554036083)', SRID(point)),	0,	8,	'NCT WORLD 2.0 촬영장소',	'20201113'),
(211,	'2023-04-20 21:41:47',	NULL,	'경기 용인시 수지구 동천로 541',	'오늘, 바로 지금, 나와 내 가족이 힐링할 수 있는 공간. 일반 글램핑, 애견 글램핑 가능',	'https://pbs.twimg.com/media/EoSpa7ZUUAA6Q_s?format=jpg&name=large',	'힐포인트',	GeomFromText('POINT(127.052778754262 37.3513641896212)', SRID(point)),	0,	2,	'NCT WORLD 2.0 촬영장소',	'20201113'),
(212,	'2023-04-20 21:41:47',	NULL,	'서울 성동구 연무장길 45',	'맛슐랭 성수동맛집 백종원도 인정한 성수감자탕',	'https://postfiles.pstatic.net/MjAyMzAzMzBfMjQ1/MDAxNjgwMTc2NDYxOTcz._ApJY4A8rEnH9p-Z4HRrUlIAeHioP-7koI44HpOABbog.eDtBZbIZlnTDQscIWwtSa5YrNCGwKrwkPRIGQdSFeeMg.PNG.nct2020nana/%EC%82%AC%EC%A7%84%EC%97%86%EC%A0%9C%EB%85%B8.png?type=w966',	'소문난성수감자탕',	GeomFromText('POINT(127.054408010395 37.5428826481781)', SRID(point)),	0,	1,	'201122 천러 방문 음식점',	'20201122'),
(213,	'2023-04-20 21:41:47',	NULL,	'인천 연수구 경원대로 526',	'이 장소에 대한 정보가 따로 없어요. 정보를 추가하고 싶다면 히어시티 SNS로 해당 장소에 대한 설명을 보내주세요:)',	'https://pbs.twimg.com/media/EnRt5ggUYAApges?format=jpg&name=4096x4096',	'선학국제빙상경기장',	GeomFromText('POINT(126.701798292975 37.430755839344)', SRID(point)),	0,	7,	'NCT U \'90’s Love\' MV 촬영장소',	'20201123'),
(214,	'2023-04-20 21:41:47',	NULL,	'서울 성동구 성수이로20길 57',	'성수동에 위치한 400평 규모의 인쇄 공장을 빈티지하게 리모델링 한 공간. 스튜디오 공간 외 카페와 북스토어도 함께 운영중이며, \'From Home\' MV에 나온 공간은 북스토어이다.',	'https://pbs.twimg.com/media/EmiKphYVkAE_iHN?format=jpg&name=large;https://pbs.twimg.com/media/Dk8i8WqU0AAmOL9?format=jpg&name=large',	'레이어57',	GeomFromText('POINT(127.063044767795 37.5421066469009)', SRID(point)),	0,	1,	'NCT U \'From Home\' MV 촬영장소 / NCT 127 Harper\'s BAZAAR 하퍼스 바자 2017 8월호 촬영장소',	'20201019'),
(215,	'2023-04-20 21:41:47',	NULL,	'충남 태안군 안면읍',	'주변경관이 수려하고 수평선이 아름다운 곳. 개장기간 : 매년 7~8월 중',	'https://pbs.twimg.com/media/Ekri2uMUUAAuyYz?format=jpg&name=large;https://pbs.twimg.com/media/Ekri3C5VMAMV6gg?format=jpg&name=large',	'안면해수욕장',	GeomFromText('POINT(126.344511519837 36.5205361060368)', SRID(point)),	0,	6,	'NCT U \'From Home\' MV 촬영장소 / 201018 유타 인스타그램',	'20201019'),
(216,	'2023-04-20 21:41:47',	NULL,	'경기 안성시 공도읍 웅교리 산26-1',	'이 장소에 대한 정보가 따로 없어요. 정보를 추가하고 싶다면 히어시티 SNS로 해당 장소에 대한 설명을 보내주세요:)',	'https://pbs.twimg.com/media/EksS65MVMAEsOp9?format=jpg&name=large;https://pbs.twimg.com/media/EksS6VjVMAIcmnT?format=jpg&name=large',	'안성목장',	GeomFromText('POINT(127.186574319161 36.9853308462341)', SRID(point)),	0,	2,	'NCT U \'From Home\' MV 촬영장소 / 200930 런쥔 버블 / 201001 도영 버블',	'20201019'),
(217,	'2023-04-20 21:41:47',	NULL,	'서울 영등포구 여의도동 86-6',	'이 장소에 대한 정보가 따로 없어요. 정보를 추가하고 싶다면 히어시티 SNS로 해당 장소에 대한 설명을 보내주세요:)',	'https://pbs.twimg.com/media/EmYosZMVcAIiIvQ?format=jpg&name=medium',	'여의도 한화불꽃계단',	GeomFromText('POINT(126.939016463388 37.5238635413658)', SRID(point)),	0,	1,	'201109 재현 인스타그램',	'20201109'),
(218,	'2023-04-20 21:41:47',	NULL,	'경기도 안성시 공도읍 정봉길 233-35',	'사유지라 사전 연락 후 방문하시는 것을 추천드립니다. 단체 예약이 되어있거나 출입이 금지될 수도 있습니다.',	'https://pbs.twimg.com/media/ElGw_pnVMAEFnd8?format=jpg&name=large;https://pbs.twimg.com/media/ElGw_RYUYAAjkyE?format=jpg&name=large',	'안성 편백나무 숲',	GeomFromText('POINT(127.189888857048 36.9986140308599)', SRID(point)),	0,	2,	'NCT U \'From Home\' MV 촬영장소',	'20201019'),
(219,	'2023-04-20 21:41:47',	NULL,	'서울 동대문구 답십리로 240',	'동대문구 장안동 촬영소사거리에 위치한 옥상캠핑장',	'https://pbs.twimg.com/media/EmTAmP0UcAUoDCu?format=jpg&name=large',	'클라이맥스',	GeomFromText('POINT(127.066865155932 37.572501938563)', SRID(point)),	0,	1,	'어사즈 특별편 <윈윈 - 지성> 촬영장소',	'20201108'),
(220,	'2023-04-20 21:41:47',	NULL,	'서울 중구 세종대로 99 덕수궁',	'덕수궁은 1897년에 선포된 황제국, 대한제국의 황궁으로 옛 이름은 경운궁입니다.',	'https://postfiles.pstatic.net/MjAyMzAzMzBfMjQ1/MDAxNjgwMTc2NDYxOTcz._ApJY4A8rEnH9p-Z4HRrUlIAeHioP-7koI44HpOABbog.eDtBZbIZlnTDQscIWwtSa5YrNCGwKrwkPRIGQdSFeeMg.PNG.nct2020nana/%EC%82%AC%EC%A7%84%EC%97%86%EC%A0%9C%EB%85%B8.png?type=w966',	'덕수궁',	GeomFromText('POINT(126.973725785222 37.5660868250943)', SRID(point)),	0,	1,	'201108 윈윈 인스타그램',	'20201108'),
(221,	'2023-04-20 21:41:48',	NULL,	'서울 강남구 압구정로72길 7 1층',	'샹그리아 와 뱅쇼 가 맛있는 프랑스 낭만주의 시대의 분위기의 wine & dine.',	'https://pbs.twimg.com/media/ElQn38vVgAIOboa?format=jpg&name=large',	'누앙스',	GeomFromText('POINT(127.045293210656 37.5260613876611)', SRID(point)),	0,	1,	'201026 쟈니 인스타 스토리 #HAPPYYUTADAY',	'20201026'),
(222,	'2023-04-20 21:41:48',	NULL,	'서울 강남구 압구정로10길 28 지하1층',	'이 장소에 대한 정보가 따로 없어요. 정보를 추가하고 싶다면 히어시티 SNS로 해당 장소에 대한 설명을 보내주세요:)',	'https://pbs.twimg.com/media/EmJJYJOU8AIdmRX?format=jpg&name=900x900',	'피자익스프레스',	GeomFromText('POINT(127.021927430879 37.5217611553103)', SRID(point)),	0,	1,	'201106 KICK OFF : NCT RESONANCE Pt. 2 TwitterBlueroom LIVE 촬영장소',	'20201106'),
(223,	'2023-04-20 21:41:48',	NULL,	'서울 강남구 언주로152길 11-5 2층',	'조금 특별하고 비밀스러운 곱창 오마카세 전문점',	'https://pbs.twimg.com/media/EkHKNShVkAE-p_j?format=jpg&name=large',	'호루몬',	GeomFromText('POINT(127.034446038903 37.5230452500407)', SRID(point)),	0,	1,	'200930 127 공계 태용 (with 마크)',	'20200930'),
(224,	'2023-04-20 21:41:48',	NULL,	'강원 속초시 엑스포로 10-29',	'분위기 좋고 낭만이 있는 속초 코마린요트',	'https://pbs.twimg.com/media/EhmafEiXYAE1C22?format=jpg&name=large',	'코마린요트',	GeomFromText('POINT(128.593184870545 38.1913266358678)', SRID(point)),	0,	8,	'WayVision 촬영장소',	'20200911'),
(225,	'2023-04-20 21:41:48',	NULL,	'경기 양평군 서종면 북한강로 1274 1층',	'보리굴비와 제주 갈치조림이 대표메뉴인 양평 한정식집',	'https://pbs.twimg.com/media/Eibl5LCUwAE0A6O?format=jpg&name=large',	'부자네식당',	GeomFromText('POINT(127.374306891976 37.6429346232675)', SRID(point)),	0,	2,	'WayVision EP.01 식도락채널 촬영장소',	'20200921'),
(226,	'2023-04-20 21:41:48',	NULL,	'강원 인제군 인제읍 설악로 2254 합강정휴게소',	'최고의 스릴과 감동을 느낄 수 있는 모험관광',	'https://pbs.twimg.com/media/EihzlKnX0AMaY2J?format=jpg&name=large',	'엑스게임리조트',	GeomFromText('POINT(128.186103435389 38.0775986722388)', SRID(point)),	0,	8,	'WayVision EP.02 액티비티채널 촬영장소',	'20200923'),
(227,	'2023-04-20 21:41:48',	NULL,	'강원 인제군 인제읍 고사리 186-1',	'물놀이 후엔 든든한 닭요리! 강원도 백숙, 삼계탕 맛집',	'https://pbs.twimg.com/media/EjjwtAtVcAICe_K?format=jpg&name=large',	'장수터쉼터',	GeomFromText('POINT(128.23782261733 38.0113920841484)', SRID(point)),	0,	8,	'WayVision EP.05 식도락채널 촬영장소',	'20201005'),
(228,	'2023-04-20 21:41:48',	NULL,	'강원 인제군 인제읍 내린천로 5693',	'인제의 청정자연 속 다양한 코스와 함께 즐기는 짚트랙!',	'https://pbs.twimg.com/media/EjF-_VTUYAAnf9Z?format=jpg&name=large',	'인제짚트랙 휴레저',	GeomFromText('POINT(128.239231431524 38.0098890863268)', SRID(point)),	0,	8,	'WayVision EP.03 액티비티채널 촬영장소',	'20200930'),
(229,	'2023-04-20 21:41:48',	NULL,	'서울 중랑구 망우로91길 2',	'이 장소에 대한 정보가 따로 없어요. 정보를 추가하고 싶다면 히어시티 SNS로 해당 장소에 대한 설명을 보내주세요:)',	'https://pbs.twimg.com/media/EjUq99cUYAAiJc4?format=jpg&name=large',	'망우 역사 문화공원 구리전망대',	GeomFromText('POINT(127.114382844197 37.5989775278216)', SRID(point)),	0,	1,	'201002 127 공계 도영',	'20201002'),
(230,	'2023-04-20 21:41:48',	NULL,	'경기 남양주시 두물로39번길 15',	'프리미엄 디저트 카페 타르타르 별내점',	'https://postfiles.pstatic.net/MjAyMzAzMzBfMjg1/MDAxNjgwMTc2NDYxOTQx.nzj0dv6Pxsg5Dp_i3af4FRdVrnHgdgafIPJzVhFthFsg.KGncJ_e6UefFmyJ8a6UrbNQzXOkyFk6011NxTBH5adUg.PNG.nct2020nana/%EB%B2%84%EB%B8%94%EC%A7%80%EC%84%B1.png?type=w966',	'타르타르 별내점',	GeomFromText('POINT(127.128229278715 37.6573987214241)', SRID(point)),	0,	2,	'201002 도영 버블',	'20201002'),
(231,	'2023-04-20 21:41:48',	NULL,	'강원 속초시 원암학사평길 88 얼라이브하트&다이나믹메이즈2',	'미로속에서 차원을 넘나들며 역동적인 체험을 즐길 수 있는 실내 익사이팅 프로그램',	'https://pbs.twimg.com/media/EjjzncMUwAAsbUf?format=jpg&name=large',	'다이나믹메이즈 속초',	GeomFromText('POINT(128.517386866294 38.2055348112637)', SRID(point)),	0,	8,	'WayVision EP.05 실내 액티비티채널 촬영장소',	'20201005'),
(232,	'2023-04-20 21:41:48',	NULL,	'서울 강남구 테헤란로 517',	'깨알정보: 태용이는 밀탑을 이용했다.',	'https://postfiles.pstatic.net/MjAyMzAzMzBfMjg1/MDAxNjgwMTc2NDYxOTQx.nzj0dv6Pxsg5Dp_i3af4FRdVrnHgdgafIPJzVhFthFsg.KGncJ_e6UefFmyJ8a6UrbNQzXOkyFk6011NxTBH5adUg.PNG.nct2020nana/%EB%B2%84%EB%B8%94%EC%A7%80%EC%84%B1.png?type=w966',	'현대백화점 무역센터점하늘정원',	GeomFromText('POINT(127.059765116537 37.5086151302204)', SRID(point)),	0,	1,	'200928 태용 버블',	'20200928'),
(233,	'2023-04-20 21:41:48',	NULL,	'인천 중구 용유서로302번길 16-15',	'이 장소에 대한 정보가 따로 없어요. 정보를 추가하고 싶다면 히어시티 SNS로 해당 장소에 대한 설명을 보내주세요:)',	'https://postfiles.pstatic.net/MjAyMzAzMzBfMjg1/MDAxNjgwMTc2NDYxOTQx.nzj0dv6Pxsg5Dp_i3af4FRdVrnHgdgafIPJzVhFthFsg.KGncJ_e6UefFmyJ8a6UrbNQzXOkyFk6011NxTBH5adUg.PNG.nct2020nana/%EB%B2%84%EB%B8%94%EC%A7%80%EC%84%B1.png?type=w966',	'을왕리해수욕장',	GeomFromText('POINT(126.377379570369 37.4468676929453)', SRID(point)),	0,	7,	'201001 헨드리 윈윈 인스타스토리&버블',	'20201001'),
(234,	'2023-04-20 21:41:48',	NULL,	'서울 서초구 방배로42길 46',	'매주 월요일 휴관. http://gallerytoast.com/',	'https://pbs.twimg.com/media/EizdfNKU0AAYpS1?format=jpg&name=large',	'갤러리 토스트',	GeomFromText('POINT(126.99049499726 37.4941192569139)', SRID(point)),	0,	1,	'텐 <원하는대로> 촬영장소',	'20200926'),
(235,	'2023-04-20 21:41:48',	NULL,	'서울 서초구 매헌로 16 라치따 6층',	'평생.. 자랑해주면 안 돼? 실제 촬영지는 일마레 서래마을점이나, 영업이 종료된 관계로 일마레 양재점으로 알려드릴게요.',	'https://pbs.twimg.com/media/EizfPDzU0AAw_q0?format=jpg&name=large',	'일마레',	GeomFromText('POINT(127.036947909974 37.462467348157)', SRID(point)),	0,	1,	'마크 <원하는대로> 촬영장소',	'20200926'),
(236,	'2023-04-20 21:41:48',	NULL,	'경기 수원시 팔달구 화서문로16번길 15 , 2층',	'디저트가 맛있는 수원 행궁동 카페',	'https://pbs.twimg.com/media/Eiz2nExUMAYHtpv?format=jpg&name=large',	'홍라드2호점',	GeomFromText('POINT(127.009656648675 37.2846201279998)', SRID(point)),	0,	2,	'태용 <원하는대로> 촬영장소',	'20200926'),
(237,	'2023-04-20 21:41:48',	NULL,	'서울 강남구 언주로 604 아크로힐스단지상가 113호',	'학동역 꽃집',	'https://pbs.twimg.com/media/EhjEJL7U0AEEf52?format=jpg&name=large',	'이오니플라워',	GeomFromText('POINT(127.038421201117 37.5095303215604)', SRID(point)),	0,	1,	'200909 JCC 쟈씨씨 EP.23 Becoming a Florist with MK',	'20200909'),
(238,	'2023-04-20 21:41:48',	NULL,	'서울 중구 을지로 157',	'이 장소에 대한 정보가 따로 없어요. 정보를 추가하고 싶다면 히어시티 SNS로 해당 장소에 대한 설명을 보내주세요:)',	'https://pbs.twimg.com/media/Do7XRoiUUAA66qO?format=jpg&name=large;https://pbs.twimg.com/media/EhOX3hqUwAEfAHU?format=jpg&name=large',	'세운대림상가',	GeomFromText('POINT(126.995451191045 37.5671458986322)', SRID(point)),	0,	1,	'NCT 127 \'Regular (Korean Ver.)\' MV 촬영장소 / 200906 윈윈 인스타그램',	'20200906'),
(239,	'2023-04-20 21:41:48',	NULL,	'인천 강화군 화도면 해안남로 2553-25',	'이국적인 오션뷰의 강화도 리조트',	'https://pbs.twimg.com/media/EgvY43WVgAA6qzs?format=jpg&name=4096x4096',	'티라시아 리조트',	GeomFromText('POINT(126.375517167326 37.6292921113041)', SRID(point)),	0,	7,	'NCT DREAM의 부퀘스트 촬영장소',	'20200831'),
(240,	'2023-04-20 21:41:48',	NULL,	'인천 강화군 불은면 강화동로 403 옥토끼우주센터',	'우주, 공룡, 로봇과 과학체험을 통해 무한한 상상력을 이끌어내는 전시관이자 움직이는 공룡과 로봇, 사계절 썰매장과 물놀이 시설등을 구비한 테마파크',	'https://pbs.twimg.com/media/EgvYQ-QVoAA-QBW?format=jpg&name=large;https://pbs.twimg.com/media/EgvYRVaUcAEW3f4?format=jpg&name=large',	'옥토끼우주센터',	GeomFromText('POINT(126.487308215133 37.6741428767622)', SRID(point)),	0,	7,	'NCT DREAM의 부퀘스트 촬영장소',	'20200831'),
(241,	'2023-04-20 21:41:48',	NULL,	'경기 김포시 김포한강9로 80 다온프라자8층',	'이 장소에 대한 정보가 따로 없어요. 정보를 추가하고 싶다면 히어시티 SNS로 해당 장소에 대한 설명을 보내주세요:)',	'https://pbs.twimg.com/media/EgvYQWxU4AARqh4?format=jpg&name=large',	'청춘 롤러스케이트',	GeomFromText('POINT(126.626053238591 37.6441233460467)', SRID(point)),	0,	2,	'NCT DREAM의 부퀘스트 촬영장소',	'20200831'),
(242,	'2023-04-20 21:41:48',	NULL,	'경기 김포시 초당로 40',	'이 장소에 대한 정보가 따로 없어요. 정보를 추가하고 싶다면 히어시티 SNS로 해당 장소에 대한 설명을 보내주세요:)',	'https://pbs.twimg.com/media/EgvbV88U0AEpgJ2?format=jpg&name=4096x4096',	'한강중앙공원',	GeomFromText('POINT(126.673841234565 37.6422319882489)', SRID(point)),	0,	2,	'NCT DREAM의 부퀘스트 촬영장소',	'20200831'),
(243,	'2023-04-20 21:41:48',	NULL,	'강원 인제군 인제읍 내린천로 5693',	'온몸이 짜릿한 레포츠로 그 누구보다 시원한 여름 휴가를 보내세요',	'https://pbs.twimg.com/media/EjGACvVVkAA1g8a?format=jpg&name=large',	'곰레포츠',	GeomFromText('POINT(128.239231431524 38.0098890863268)', SRID(point)),	0,	8,	'WayVision EP.04 수중 액티비티채널 촬영장소',	'20200930'),
(244,	'2023-04-20 21:41:48',	NULL,	'경기 가평군 설악면 미사리로 258 청심평화월드센터',	'새로운 트렌드를 열어가는 공연장',	'https://pbs.twimg.com/media/Ee6GxqPVAAA0-Or?format=png&name=900x900',	'청심평화월드센터',	GeomFromText('POINT(127.52042236664 37.6838251611457)', SRID(point)),	0,	2,	'NCTmentary 엔시티멘터리 촬영장소',	'20180209'),
(245,	'2023-04-20 21:41:48',	NULL,	'서울 서대문구 연세로 50 연세대학교 동문회관 지하 1층 티원',	'\'전통과 현대의 창조적인 만남\' 중식당 티원',	'https://pbs.twimg.com/media/Ei2rSULU8AABxte?format=jpg&name=medium',	'티원 연세대점',	GeomFromText('POINT(126.943916239886 37.5660508394158)', SRID(point)),	0,	1,	'NCT 중국어 특급 비책 #1 촬영장소',	'20200927'),
(246,	'2023-04-20 21:41:48',	NULL,	'서울 강남구 논현로 854 지하1층 네기스키야키',	'신사동에 위치한 스키야키 전문점',	'https://postfiles.pstatic.net/MjAyMzAzMzBfMjg1/MDAxNjgwMTc2NDYxOTQx.nzj0dv6Pxsg5Dp_i3af4FRdVrnHgdgafIPJzVhFthFsg.KGncJ_e6UefFmyJ8a6UrbNQzXOkyFk6011NxTBH5adUg.PNG.nct2020nana/%EB%B2%84%EB%B8%94%EC%A7%80%EC%84%B1.png?type=w966',	'네기스키야키 압구정점',	GeomFromText('POINT(127.028865132152 37.5253215967063)', SRID(point)),	0,	1,	'200723 태용 버블',	'20200723'),
(247,	'2023-04-20 21:41:48',	NULL,	'서울 용산구 후암로 38 지하 1층',	'제품의 소비보다 의미와 경험을 담을 수 있는 목공예공방',	'https://pbs.twimg.com/media/EdnrtwlUwAEaokc?format=jpg&name=4096x4096',	'해쉬',	GeomFromText('POINT(126.97781080398 37.5492546015085)', SRID(point)),	0,	1,	'LG U+ VR NCT 127 버킷리스트 태용&마크편 촬영장소',	'20200724'),
(248,	'2023-04-20 21:41:48',	NULL,	'경기 파주시 탑삭골길 260',	'파주에 위치한 분위기 좋은 유럽풍 테마파크',	'https://postfiles.pstatic.net/MjAyMzAzMzBfMjg1/MDAxNjgwMTc2NDYxOTQx.nzj0dv6Pxsg5Dp_i3af4FRdVrnHgdgafIPJzVhFthFsg.KGncJ_e6UefFmyJ8a6UrbNQzXOkyFk6011NxTBH5adUg.PNG.nct2020nana/%EB%B2%84%EB%B8%94%EC%A7%80%EC%84%B1.png?type=w966',	'퍼스트가든',	GeomFromText('POINT(126.794974093248 37.732644532921)', SRID(point)),	0,	2,	'200718 태용 버블',	'20200718'),
(249,	'2023-04-20 21:41:48',	NULL,	'서울 강남구 논현로175길 11 일상빌딩 1층 102호',	'이 장소에 대한 정보가 따로 없어요. 정보를 추가하고 싶다면 히어시티 SNS로 해당 장소에 대한 설명을 보내주세요:)',	'https://pbs.twimg.com/media/EdXapd_U4AUaqyh?format=jpg&name=large',	'산쪼메 압구정역점',	GeomFromText('POINT(127.027559869918 37.5259547724319)', SRID(point)),	0,	1,	'200720 헨드리 인스타그램',	'20200720'),
(250,	'2023-04-20 21:41:48',	NULL,	'경기 포천시 신북면 청신로947번길 51',	'허브로 행복한 세상을 만들고자 하는 허브아일랜드',	'https://pbs.twimg.com/media/EbNFplcU0AAEc_r?format=jpg&name=900x900',	'허브아일랜드',	GeomFromText('POINT(127.133263439721 37.9672620403452)', SRID(point)),	0,	2,	'NCT LIFE : DREAM in Wonderland 포스터 촬영장소',	'20200623'),
(251,	'2023-04-20 21:41:48',	NULL,	'경기 포천시 이동면 성장로 1156-40 바위섬가든',	'포천이동갈비맛집. 포천의 명물 매바위산과 어우러진 멋진 경관을 자랑하는 바위섬가든',	'https://pbs.twimg.com/media/EcO7VZzUwAAJsor?format=png&name=small',	'바위섬가든',	GeomFromText('POINT(127.362035308725 38.0203144610829)', SRID(point)),	0,	2,	'NCT LIFE : DREAM in Wonderland EP.01 촬영장소',	'20200706'),
(252,	'2023-04-20 21:41:48',	NULL,	'서울 용산구 장문로 29',	'식스티세컨즈 라운지는 편안한 휴식과 숙면을 위한 서비스 및 제품을 경험하는 공간',	'https://pbs.twimg.com/media/EbNAmn7VcAA-Ipu?format=jpg&name=900x900',	'식스티세컨즈 라운지',	GeomFromText('POINT(126.99382253899 37.5280959041701)', SRID(point)),	0,	1,	'쟈니&재현 W Korea 화보 촬영',	'20200623'),
(253,	'2023-04-20 21:41:48',	NULL,	'서울 강남구 테헤란로 109 강남제일빌딩',	'손에서 손으로 감동을 전하는 회전초밥의 명가, 갓덴스시. 지점이 매우 많으며, 시즈니 투어에 등록된 곳은 강남점 입니다. ^ㅇ^',	'https://pbs.twimg.com/media/EcU5QPxUMAAkb4i?format=jpg&name=medium',	'갓덴스시',	GeomFromText('POINT(127.028991540151 37.4988253733783)', SRID(point)),	0,	1,	'200707 헨드리 인스타그램&버블',	'20200707'),
(254,	'2023-04-20 21:41:48',	NULL,	'인천 서구 정서진남로 95',	'인천 일몰 명소',	'https://postfiles.pstatic.net/MjAyMzAzMzBfMjg1/MDAxNjgwMTc2NDYxOTQx.nzj0dv6Pxsg5Dp_i3af4FRdVrnHgdgafIPJzVhFthFsg.KGncJ_e6UefFmyJ8a6UrbNQzXOkyFk6011NxTBH5adUg.PNG.nct2020nana/%EB%B2%84%EB%B8%94%EC%A7%80%EC%84%B1.png?type=w966',	'아라빛섬정서진광장',	GeomFromText('POINT(126.602304432299 37.5581106249003)', SRID(point)),	0,	7,	'200706 재민 버블',	'20200706'),
(255,	'2023-04-20 21:41:48',	NULL,	'경기 포천시 영북면 우물목길 171-18',	'경기 포천 식물원',	'https://pbs.twimg.com/media/EcUDUO5VcAAbvGz?format=jpg&name=large',	'평강랜드',	GeomFromText('POINT(127.306188173292 38.0499785787598)', SRID(point)),	0,	2,	'NCT LIFE : DREAM in Wonderland EP.02 촬영장소',	'20200707'),
(256,	'2023-04-20 21:41:48',	NULL,	'경기 포천시 신북면 탑신로 860',	'드림이들이 집라인 스피드 퀴즈를 했던 곳. 이외에도 다양하고 신기한 체험이 가능한 과학관.',	'https://pbs.twimg.com/media/Ec86kBGUYAA5vwm?format=jpg&name=large',	'어메이징파크',	GeomFromText('POINT(127.142200854252 37.9265566140404)', SRID(point)),	0,	2,	'NCT LIFE : DREAM in Wonderland EP.04 촬영장소',	'20200707'),
(257,	'2023-04-20 21:41:48',	NULL,	'경기 구리시 벌말로128번길 13',	'다양하고 맛있는 베이커리가 가득한 구리카페. 저도 이제 커피를 마셔요@.@ 물론 시럽은 넣어요.',	'https://pbs.twimg.com/media/EcuYbX4U8AAaXIA?format=jpg&name=medium',	'오늘제빵소 구리점',	GeomFromText('POINT(127.149524468186 37.5877131519216)', SRID(point)),	0,	2,	'200712 127 공계 도영',	'20200712'),
(258,	'2023-04-20 21:41:48',	NULL,	'강원 고성군 죽왕면',	'우리칠이 파란 공 날렸던…바로 그 곳.. (참고: 여름에는 청량시티🌊💚 | NATURE REPUBLIC 촬영장 비하인드)',	'https://postfiles.pstatic.net/MjAyMzAzMzBfMjM1/MDAxNjgwMTc3ODQ1OTIz.VCYQLSuQLv8SQV1pigOiUi8Cp5g550RsZVbJgCCemmkg.6cGBw54xVn5APNURLCYjNfLMGS4HCg5SDzY7Yu5rXRgg.PNG.nct2020nana/%EC%8A%A4%ED%81%AC%EB%A6%B0%EC%83%B7(187).png?type=w966;https://postfiles.pstatic.net/MjAyMzAzMzBfNDAg/MDAxNjgwMTc3ODQ1MzM2.RPOsDlTdEohPIPUIppmNwLojGr3Ph0wgZMWMXbDT-Xgg.ztIQcJEjrxHEgx1o5BqE0qlHNJm2jICc3OSF9LpVcy0g.PNG.nct2020nana/%EC%8A%A4%ED%81%AC%EB%A6%B0%EC%83%B7(189).png?type=w966',	'송지호해수욕장',	GeomFromText('POINT(128.525183134918 38.3287671808077)', SRID(point)),	0,	8,	'NCT 127 네이처리퍼블릭 CF 촬영장소 / 200521 쟈니 버블 / 200604 유타 인스타그램',	'20200521'),
(259,	'2023-04-20 21:41:48',	NULL,	'서울 강남구 도산대로51길 41 1층',	'엔시티 싸인이 가득한 이곳…말해뭐해 엔시티 공식 삼겹살 맛집',	'https://postfiles.pstatic.net/MjAyMzAzMzBfMjQ1/MDAxNjgwMTc2NDYxOTcz._ApJY4A8rEnH9p-Z4HRrUlIAeHioP-7koI44HpOABbog.eDtBZbIZlnTDQscIWwtSa5YrNCGwKrwkPRIGQdSFeeMg.PNG.nct2020nana/%EC%82%AC%EC%A7%84%EC%97%86%EC%A0%9C%EB%85%B8.png?type=w966',	'추풍령칼삼겹살 압구정점',	GeomFromText('POINT(127.038100978755 37.5259447243218)', SRID(point)),	0,	1,	'엔시티 공식 맛집',	'20200618'),
(260,	'2023-04-20 21:41:48',	NULL,	'서울 서초구 잠원동',	'깨알정보: 재현이가 사진찍은 곳은 현대고등학교와 잠원한강공원 중간지점. 정확한 위치는 사진 참고.',	'https://pbs.twimg.com/media/EY8Vqt-UcAEvcTW?format=jpg&name=large;https://pbs.twimg.com/media/EY8Vs3SU8AAXWCr?format=jpg&name=large',	'잠원 한강공원',	GeomFromText('POINT(127.014102820234 37.5149186880221)', SRID(point)),	0,	1,	'200412 재현 인스타그램',	'20200412'),
(261,	'2023-04-20 21:41:48',	NULL,	'서울 송파구 올림픽로 300 롯데월드몰 6F',	'맛깔나는 스페인 요리를 즐길 수 있는 스페인 요리 전문점',	'https://pbs.twimg.com/media/EWgY_qYU0AA6YI5?format=jpg&name=large',	'스페인클럽 롯데월드몰점',	GeomFromText('POINT(127.104446890835 37.5137519612953)', SRID(point)),	0,	1,	'200426 양양 웨이보',	'20200426'),
(262,	'2023-04-20 21:41:48',	NULL,	'서울 강남구 압구정로10길 30-8',	'Masa Tacos 는 멕시코 음식의 본질을 지키며 특별한 레시피로 최고의 맛을 선사하는 음식점',	'https://pbs.twimg.com/media/EY_jc-pU0AAL5Wg?format=jpg&name=large',	'마사 타코',	GeomFromText('POINT(127.021740621505 37.5219986941728)', SRID(point)),	0,	1,	'200527 NCT127 \'Punch\' 컴백 기념 iHeart Radio 인터뷰 촬영장소',	'20200527'),
(263,	'2023-04-20 21:41:48',	NULL,	'경기 양주시 장흥면 권율로 120',	'이 장소에 대한 정보가 따로 없어요. 정보를 추가하고 싶다면 히어시티 SNS로 해당 장소에 대한 설명을 보내주세요:)',	'https://pbs.twimg.com/media/EV-gmmbUMAEteX-?format=jpg&name=large',	'두리랜드',	GeomFromText('POINT(126.950162699747 37.7246339977727)', SRID(point)),	0,	2,	'NCT DREAM \'Reload\' 자켓 촬영장소',	'20200420'),
(264,	'2023-04-20 21:41:48',	NULL,	'서울 강남구',	'에어비앤비 홈페이지에서 \'401 어퍼하우스 X 코엑스 강남 3BR 2BT, 시티뷰 포함\'->으로 검색 (링크: https://url.kr/pf957e )',	'https://pbs.twimg.com/media/EVGorRvUUAAc6lX?format=jpg&name=large;https://pbs.twimg.com/media/EVGorTPUwAEf2yp?format=jpg&name=large',	'에어비앤비(상세설명 참고)',	GeomFromText('POINT(127.047377408384 37.517331925853)', SRID(point)),	0,	1,	'NCT DREAM <이불 속은 안전해> 촬영 장소',	'20200325'),
(265,	'2023-04-20 21:41:48',	NULL,	'서울 강남구 도산대로51길 17',	'깨알정보: 텐이 방문한 지점은 영업을 종료한 관계로 리틀넥 청담점으로 대신 알려드릴게요.',	'https://postfiles.pstatic.net/MjAyMzAzMzBfMjg1/MDAxNjgwMTc2NDYxOTQx.nzj0dv6Pxsg5Dp_i3af4FRdVrnHgdgafIPJzVhFthFsg.KGncJ_e6UefFmyJ8a6UrbNQzXOkyFk6011NxTBH5adUg.PNG.nct2020nana/%EB%B2%84%EB%B8%94%EC%A7%80%EC%84%B1.png?type=w966',	'리틀넥 청담',	GeomFromText('POINT(127.037766602443 37.5242135559162)', SRID(point)),	0,	1,	'200405 텐 버블',	'20200405'),
(266,	'2023-04-20 21:41:48',	NULL,	'서울 성동구 동일로 31',	'성수동에 위치한 바버샵',	'https://pbs.twimg.com/media/EVGg37qUwAMyGwR?format=jpg&name=900x900',	'빌리캣바버샵 성수본점',	GeomFromText('POINT(127.060138467348 37.5360969609544)', SRID(point)),	0,	1,	'NCT 127 \'NeoZone\' 자켓 촬영장소',	'20200221'),
(267,	'2023-04-20 21:41:48',	NULL,	'서울 성동구 동일로 29',	'이 장소에 대한 정보가 따로 없어요. 정보를 추가하고 싶다면 히어시티 SNS로 해당 장소에 대한 설명을 보내주세요:)',	'https://pbs.twimg.com/media/ERTdborU4AEPSpj?format=jpg&name=medium',	'템플 콜렉티브',	GeomFromText('POINT(127.060050138051 37.5358599526724)', SRID(point)),	0,	1,	'NCT 127 \'NeoZone\' 자켓 촬영장소',	'20200221'),
(268,	'2023-04-20 21:41:48',	NULL,	'서울 강남구 압구정로79길 32 1층',	'깨알정보: 정확한 지점을 알 수 없어서 질할브로스 청담점으로 알려드릴게요',	'https://pbs.twimg.com/media/EUh1sqCUcAA8mFF?format=jpg&name=medium',	'질할브로스 청담점',	GeomFromText('POINT(127.049761547072 37.5251639033122)', SRID(point)),	0,	1,	'200401 NCT 127 만우절기념 브이앱 태일 음식',	'20200401'),
(269,	'2023-04-20 21:41:48',	NULL,	'서울 강남구 도산대로94길 20',	'최고의 맛과 향을 추구하는 스페셜티 커피 로스터스',	'https://pbs.twimg.com/media/ETZGypYUwAAtlhm?format=jpg&name=medium',	'커피엠스테이블',	GeomFromText('POINT(127.051622809365 37.5238129525119)', SRID(point)),	0,	1,	'200318 쟈니 인스타그램 / 도영 리슨',	'20200318'),
(270,	'2023-04-20 21:41:48',	NULL,	'서울 강남구 도산대로89길 9 1층',	'깨알정보: 정확한 지점을 알 수 없어서 로라방앗간 청담점으로 알려드릴게요',	'https://pbs.twimg.com/media/EUh1spLVAAA5UPT?format=jpg&name=medium',	'로라방앗간 청담점',	GeomFromText('POINT(127.050520391143 37.5253082820986)', SRID(point)),	0,	1,	'200401 NCT 127 만우절기념 브이앱 재현 음식',	'20200401'),
(271,	'2023-04-20 21:41:48',	NULL,	'서울 강남구 도산대로90길 7 1층',	'양념게장이 맛있는 청담동고기집',	'https://postfiles.pstatic.net/MjAyMzAzMzBfMjg1/MDAxNjgwMTc2NDYxOTQx.nzj0dv6Pxsg5Dp_i3af4FRdVrnHgdgafIPJzVhFthFsg.KGncJ_e6UefFmyJ8a6UrbNQzXOkyFk6011NxTBH5adUg.PNG.nct2020nana/%EB%B2%84%EB%B8%94%EC%A7%80%EC%84%B1.png?type=w966',	'팔식당',	GeomFromText('POINT(127.049353121756 37.5237373375472)', SRID(point)),	0,	1,	'200318 해찬 버블',	'20200318'),
(272,	'2023-04-20 21:41:48',	NULL,	'서울 강남구 영동대로 513',	'국내 최고의 해양테마파크! 코엑스아쿠아리움은 자연, 환경, 사람의 조화를 통한 독창적인 콘텐츠를 개발하여 365일 넘치는 즐거움을 여러분들에게 선물하고자 합니다.',	'https://pbs.twimg.com/media/DwYlJz0UUAAX7Fx?format=jpg&name=medium;https://pbs.twimg.com/media/DwYlKsJUUAE4kin?format=jpg&name=medium;https://pbs.twimg.com/media/DwYlLmSVAAAa55s?format=jpg&name=medium;https://pbs.twimg.com/media/ER3wIXtWAAI4UDO?format=jpg&name=large',	'코엑스아쿠아리움',	GeomFromText('POINT(127.059159043842 37.5118239121138)', SRID(point)),	0,	1,	'180903 SMROOKIES 공계 / 200227 양양 웨이보 (with 윈윈)',	'20200227'),
(273,	'2023-04-20 21:41:48',	NULL,	'서울 성동구 서울숲4길 28 지하1층',	'마제소바와 토리파이탄이 맛있는 일식집. 깨알정보: 2022년 11월 매장 이전 관계로 새로운 주소로 알려드릴게요.',	'https://postfiles.pstatic.net/MjAyMzAzMzBfMjg1/MDAxNjgwMTc2NDYxOTQx.nzj0dv6Pxsg5Dp_i3af4FRdVrnHgdgafIPJzVhFthFsg.KGncJ_e6UefFmyJ8a6UrbNQzXOkyFk6011NxTBH5adUg.PNG.nct2020nana/%EB%B2%84%EB%B8%94%EC%A7%80%EC%84%B1.png?type=w966',	'오카와리',	GeomFromText('POINT(127.043843023135 37.5469545140946)', SRID(point)),	0,	1,	'200224 텐 버블',	'20200224'),
(274,	'2023-04-20 21:41:48',	NULL,	'서울 강남구 도산대로101길 6',	'청담동 30년 전통 미쉐린 가이드 맛집, 한우 전문점 새벽집. 깨알정보: 드림이들이 언급한 부분은 Ridin\' 뮤뱅 첫방 대기실 비하인드 존댓말 챌린지편 참고',	'https://pbs.twimg.com/media/ETYO78tUwAM0qil?format=jpg&name=large',	'새벽집 청담본점',	GeomFromText('POINT(127.052868425711 37.5255635894763)', SRID(point)),	0,	1,	'200318 NCT 127x신동가요 뒤풀이 / 드림 Ridin\' 음방 존댓말챌린지 내기',	'20200318'),
(275,	'2023-04-20 21:41:48',	NULL,	'서울 강남구 압구정로 343 갤러리아백화점 명품관 WEST 지하 1층',	'베트남 전통 궁중 보양식 레시피를 바탕으로 엄선된 쇠고기와 사골을 24시간 동안 천천히 우려낸 육수로 맛을 낸 쌀국수와 국내에 새롭게 선보이는 다양한 베트남 보양 요리를 제공하고 있습니다.',	'https://postfiles.pstatic.net/MjAyMzAzMzBfMjQ1/MDAxNjgwMTc2NDYxOTcz._ApJY4A8rEnH9p-Z4HRrUlIAeHioP-7koI44HpOABbog.eDtBZbIZlnTDQscIWwtSa5YrNCGwKrwkPRIGQdSFeeMg.PNG.nct2020nana/%EC%82%AC%EC%A7%84%EC%97%86%EC%A0%9C%EB%85%B8.png?type=w966',	'땀땀',	GeomFromText('POINT(127.040052671773 37.5284754434309)', SRID(point)),	0,	1,	'200307 텐 인스타 스토리',	'20200307'),
(276,	'2023-04-20 21:41:48',	NULL,	'경기 고양시 일산동구 견달산로 308',	'이 장소에 대한 정보가 따로 없어요. 정보를 추가하고 싶다면 히어시티 SNS로 해당 장소에 대한 설명을 보내주세요:)',	'https://pbs.twimg.com/media/ERdlZzVUcAAeOpu?format=jpg&name=medium;https://pbs.twimg.com/media/ERdlag3U8AEwfZs?format=jpg&name=large',	'한성물류컨테이너보관창고',	GeomFromText('POINT(126.820525290602 37.6931435151666)', SRID(point)),	0,	2,	'NCT 127 \' 메아리 (Love Me Now)\' Track Video 촬영장소',	'20200220'),
(277,	'2023-04-20 21:41:48',	NULL,	'서울 마포구 동교로34길 6 2층',	'이웃집마녀는 업계 최고의 신점/사주/타로 선생님만 모신다는 자부심을 가지고 있습니다.',	'https://pbs.twimg.com/media/EQFb7OHU0AAKuWq?format=jpg&name=large',	'신점 사주 타로 이웃집마녀',	GeomFromText('POINT(126.92467071664 37.5609258936648)', SRID(point)),	0,	1,	'200206 JCC 쟈씨씨 EP.16 Visiting a Korean fortune teller for our New Year with DY',	'20200206'),
(278,	'2023-04-20 21:41:48',	NULL,	'서울 마포구 동교로 244',	'연남동에 위치한 멀티쇼핑샾으로 다양한 볼거리가 있는 수입의류 매장',	'https://pbs.twimg.com/media/EPX8SzPUwAAjwZZ?format=jpg&name=large',	'디스탕달',	GeomFromText('POINT(126.924509150492 37.5615422523156)', SRID(point)),	0,	1,	'200128 127 공계 쟈니 ootd',	'20200128'),
(279,	'2023-04-20 21:41:48',	NULL,	'제주 서귀포시 성산읍 성산리 1',	'이 장소에 대한 정보가 따로 없어요. 정보를 추가하고 싶다면 히어시티 SNS로 해당 장소에 대한 설명을 보내주세요:)',	'https://pbs.twimg.com/media/EOyuhh4VUAAoXxD?format=jpg&name=900x900;https://pbs.twimg.com/media/EOyugt7VUAAausR?format=jpg&name=large',	'성산일출봉',	GeomFromText('POINT(126.942496776521 33.458409737774)', SRID(point)),	0,	9,	'200121 드림 공계 지성',	'20200121'),
(280,	'2023-04-20 21:41:49',	NULL,	'강원 춘천시 칠전동 486',	'운영 기간: 3월~11월 중 09:00~18:00(동절기 폐장) / 하절기(6~8월) 09:00~19:00(1시간 연장) *운영 기간은 상황에 따라 변동될 수 있습니다.',	'https://pbs.twimg.com/media/ELWMqi5UEAAKDO7?format=jpg&name=large',	'의암호스카이워크',	GeomFromText('POINT(127.680701881075 37.8468457070305)', SRID(point)),	0,	8,	'NCT LIFE in 춘천&홍천 EP.01 촬영장소',	'20191209'),
(281,	'2023-04-20 21:41:49',	NULL,	'강원 춘천시 동면 만천양지길 87 우성닭갈비 본점',	'수요미식회에서 인정한 2대째 이어져 오는 30년 전통의 우성닭갈비 본점',	'https://pbs.twimg.com/media/ELVg3Q2UYAIMiXl?format=jpg&name=large',	'우성닭갈비 본점',	GeomFromText('POINT(127.763485854877 37.8873110205234)', SRID(point)),	0,	8,	'NCT LIFE in 춘천&홍천 EP.01 촬영장소',	'20191209'),
(282,	'2023-04-20 21:41:49',	NULL,	'강원 홍천군 두촌면 부채들길 29',	'이 장소에 대한 정보가 따로 없어요. 정보를 추가하고 싶다면 히어시티 SNS로 해당 장소에 대한 설명을 보내주세요:)',	'https://pbs.twimg.com/media/ELWNPorUUAAqLEi?format=jpg&name=large',	'가람리조트',	GeomFromText('POINT(128.018377806301 37.8364029382974)', SRID(point)),	0,	8,	'NCT LIFE in 춘천&홍천 포스터 촬영장소',	'20191209'),
(283,	'2023-04-20 21:41:49',	NULL,	'강원 홍천군 서면 한치골길 264',	'국내 최초 슬로프 활용 루지 체험장이자 각종 특허 등으로 보호받고 있는 국내 루지월드 직영점',	'https://pbs.twimg.com/media/EL_71n6UcAAWdaN?format=jpg&name=large',	'루지월드',	GeomFromText('POINT(127.685864633183 37.6481872098964)', SRID(point)),	0,	8,	'NCT LIFE in 춘천&홍천 EP.04 촬영장소',	'20191218'),
(284,	'2023-04-20 21:41:49',	NULL,	'강원 홍천군 두촌면 가리산길 426',	'가리산 숲속에서 자연과의 조화를 이루다! 남녀노소 누가구나 안전하게 즐기는 가리산 레포츠파크!',	'https://pbs.twimg.com/media/ENWtavPUYAAVgrp?format=jpg&name=large',	'가리산레포츠파크',	GeomFromText('POINT(127.981149812639 37.8656358003531)', SRID(point)),	0,	8,	'NCT LIFE in 춘천&홍천 EP.11 촬영장소',	'20200103'),
(285,	'2023-04-20 21:41:49',	NULL,	'강원 홍천군 서면 팔봉리 782',	'영양 돌솥밥이 맛있는 홍천 한정식집',	'https://pbs.twimg.com/media/EMEddkcU8AAtsxC?format=jpg&name=large',	'홍천농가맛집',	GeomFromText('POINT(127.696976736075 37.6770182542927)', SRID(point)),	0,	8,	'NCT LIFE in 춘천&홍천 EP.05 촬영장소',	'20191218'),
(286,	'2023-04-20 21:41:49',	NULL,	'강원 홍천군 서면 팔봉강변길 132-11',	'홍천강 전망 리조트형 럭셔리 펜션푸름',	'https://pbs.twimg.com/media/EMO-9c0UwAED8gx?format=jpg&name=large',	'펜션푸름',	GeomFromText('POINT(127.708135101213 37.6919929553604)', SRID(point)),	0,	8,	'NCT LIFE in 춘천&홍천 EP.06 촬영장소',	'20191220'),
(287,	'2023-04-20 21:41:49',	NULL,	'서울 광진구 동일로22길 117-27',	'옷장 속으로 들어가는 판타지 가득한 카페',	'https://pbs.twimg.com/media/ENWhu13VAAEedUa?format=jpg&name=medium',	'카페 아르무아',	GeomFromText('POINT(127.07092273573 37.5417671865681)', SRID(point)),	0,	1,	'200103 텐 with 슈퍼주니어 예성',	'20200103'),
(288,	'2023-04-20 21:41:49',	NULL,	'강원 홍천군 화촌면 덕밭재길 146-155',	'청정자연 강원도 홍천의 푸른 숲 속, 자연 그대로의 모습으로 살아가는 동물들을 가까이서 만나고 교감 할 수 있는 알파카 테마 감성여행지 알파카월드',	'https://pbs.twimg.com/media/EOJYkaIUYAE7nu9?format=jpg&name=small',	'알파카월드',	GeomFromText('POINT(127.883735689895 37.8276513592048)', SRID(point)),	0,	8,	'NCT LIFE in 춘천&홍천 촬영장소',	'20200113'),
(289,	'2023-04-20 21:41:49',	NULL,	'경기 수원시 팔달구 정조로800번길 21',	'치킨 전문점이 밀집되어 있기로 유명한 팔달문 인근에 있는 치킨 전문점',	'https://pbs.twimg.com/media/ENQ-_0SU0AAm084?format=jpg&name=large',	'진미통닭',	GeomFromText('POINT(127.018105958305 37.2796601767608)', SRID(point)),	0,	2,	'191231 쟈니 다함께 차차차 EP.08',	'20191231'),
(290,	'2023-04-20 21:41:49',	NULL,	'강원 홍천군 두촌면 부채들길 29',	'가람리조트에서 사계절내내 썰매타기!',	'https://pbs.twimg.com/media/ENWtaEbVAAA9obb?format=jpg&name=large',	'가람리조트 사계절썰매장',	GeomFromText('POINT(128.018377806301 37.8364029382974)', SRID(point)),	0,	8,	'NCT LIFE in 춘천&홍천 EP.10 촬영장소',	'20191220'),
(291,	'2023-04-20 21:41:49',	NULL,	'서울 강남구 선릉로 836',	'이 장소에 대한 정보가 따로 없어요. 정보를 추가하고 싶다면 히어시티 SNS로 해당 장소에 대한 설명을 보내주세요:)',	'https://pbs.twimg.com/media/ELBkOYiU8AUIKIT?format=jpg&name=large',	'스타벅스 압구정로데오역점',	GeomFromText('POINT(127.040533570867 37.5265428105713)', SRID(point)),	0,	1,	'NCT 127 24hr RELAY CAM 유타 (With. 쟈니)',	'20191029'),
(292,	'2023-04-20 21:41:49',	NULL,	'제주 서귀포시 예래해안로 357',	'​​갯깍주상절리는 대포해안의 돌기둥이 중문 해안선까지 이어져 있는 곳',	'https://pbs.twimg.com/media/EKjVW3WU0Acd_K4?format=jpg&name=4096x4096',	'갯깍주상절리',	GeomFromText('POINT(126.395763983189 33.2409698717454)', SRID(point)),	0,	9,	'태용 KOCCA SPECIAL FILM 촬영장소',	'20191128'),
(293,	'2023-04-20 21:41:49',	NULL,	'서울 강남구 압구정로50길 27 1층',	'이 장소에 대한 정보가 따로 없어요. 정보를 추가하고 싶다면 히어시티 SNS로 해당 장소에 대한 설명을 보내주세요:)',	'https://pbs.twimg.com/media/ELBkOYiVUAEG7dL?format=jpg&name=large',	'피어싱마인드',	GeomFromText('POINT(127.037864361801 37.526488194764)', SRID(point)),	0,	1,	'NCT 127 24hr RELAY CAM 유타 (With. 쟈니)',	'20191029'),
(294,	'2023-04-20 21:41:49',	NULL,	'제주 제주시 한림읍 금악리 산1-1',	'이 장소에 대한 정보가 따로 없어요. 정보를 추가하고 싶다면 히어시티 SNS로 해당 장소에 대한 설명을 보내주세요:)',	'https://pbs.twimg.com/media/EKjVK1CU4AErW1e?format=jpg&name=large',	'금오름',	GeomFromText('POINT(126.305586388283 33.3556958434344)', SRID(point)),	0,	9,	'태용 KOCCA SPECIAL FILM 촬영장소',	'20191128'),
(295,	'2023-04-20 21:41:49',	NULL,	'서울 마포구 잔다리로3안길 31',	'스페셜티 커피를 로스팅하는 커피탐이나. 까눌레, 피낭시에, 구르미슈, 브라운치즈 크로플등 맛있는 디저트와 커피를 맛보실 수 있습니다.',	'https://pbs.twimg.com/media/EJueQkOVUAAzjaG?format=jpg&name=large',	'커피탐이나',	GeomFromText('POINT(126.919483920958 37.5502168193782)', SRID(point)),	0,	1,	'191119 JCC 쟈씨씨 EP.14 Johrista & Jaerista⭐ becoming barista 촬영장소',	'20191119'),
(296,	'2023-04-20 21:41:49',	NULL,	'경기 의왕시 철도박물관로 142 철도박물관',	'대규모 운송수단이자 국민의 생활수단인 철도의 역사와 문화를 널리 인식시키고자 설립된 박물관',	'https://pbs.twimg.com/media/EIBppCUVAAAfcOh?format=jpg&name=large;https://pbs.twimg.com/media/EIBpph4VAAAuCKZ?format=jpg&name=large',	'철도박물관',	GeomFromText('POINT(126.951299045853 37.314047642617)', SRID(point)),	0,	2,	'SMTOWN 2019 도쿄 VCR NCT DREAM편 촬영장소',	'20191029'),
(297,	'2023-04-20 21:41:49',	NULL,	'서울 성동구 성수동1가',	'이 장소에 대한 정보가 따로 없어요. 정보를 추가하고 싶다면 히어시티 SNS로 해당 장소에 대한 설명을 보내주세요:)',	'https://pbs.twimg.com/media/EIR-lR_WsAAnIpE?format=jpg&name=large',	'서울숲9번출입구',	GeomFromText('POINT(127.043351028535 37.5417253860377)', SRID(point)),	0,	1,	'191030 SM셀선시 NCT 127편 촬영장소',	'20191030'),
(298,	'2023-04-20 21:41:49',	NULL,	'서울 용산구 독서당로 46 지하 2층',	'고객이 누리는 시간의 질과 가치를 끌어올리는 한남동 볼링장, 볼하우스',	'https://pbs.twimg.com/media/EJLOH4AU8AEOJA1?format=jpg&name=large',	'볼하우스 한남',	GeomFromText('POINT(127.007257834517 37.532381186051)', SRID(point)),	0,	1,	'NCT 127 24hr RELAY CAM 해찬 (with. 태일)',	'20191112'),
(299,	'2023-04-20 21:41:49',	NULL,	'서울 강남구 도산대로45길 8-8 2층',	'서양느낌 가득한 도산공원 족발 보쌈집',	'https://pbs.twimg.com/media/EIXwvDOXkAYjDLU?format=jpg&name=large',	'도산족발&칼국수',	GeomFromText('POINT(127.036613743313 37.523075592426)', SRID(point)),	0,	1,	'NCT 127 24hr RELAY CAM 도영',	'20191102'),
(300,	'2023-04-20 21:41:49',	NULL,	'서울 마포구 포은로 105-1 1층, 2층',	'모던하고 감성적인 공간, 망원동 카페 eert. 깨알정보: 쟈니, 유타, 도영이 방문한 eert 성수점이 영업을 종료한 관계로 eert 망원점으로 안내드릴게요.',	'https://pbs.twimg.com/media/EI1tISNVUAACDg8?format=jpg&name=large',	'이이알티 망원',	GeomFromText('POINT(126.904594800545 37.5564782032275)', SRID(point)),	0,	1,	'191030 SM셀선시 NCT 127편 촬영장소',	'20191030'),
(301,	'2023-04-20 21:41:49',	NULL,	'서울 서초구 효령로23길 90 지하',	'캔들,디퓨저,패브릭스프레이,사셰등 향에 관한 제품을 판매하는 곳',	'https://pbs.twimg.com/media/EI1tI61U4AADt4w?format=jpg&name=large',	'몬더',	GeomFromText('POINT(126.992053848751 37.4841976545626)', SRID(point)),	0,	1,	'191030 SM셀선시 NCT 127편 촬영장소',	'20191030'),
(302,	'2023-04-20 21:41:49',	NULL,	'서울 강남구 테헤란로81길 51 2층',	'이 장소에 대한 정보가 따로 없어요. 정보를 추가하고 싶다면 히어시티 SNS로 해당 장소에 대한 설명을 보내주세요:)',	'https://pbs.twimg.com/media/EH0eYsrU8AAigTC?format=jpg&name=large',	'백우드시카고피자바베큐펍',	GeomFromText('POINT(127.055669203417 37.5104218436877)', SRID(point)),	0,	1,	'191026 텐 인스타라이브(with 샤오쥔, 양양)',	'20191026'),
(303,	'2023-04-20 21:41:49',	NULL,	'서울 송파구 올림픽로 424',	'이 장소에 대한 정보가 따로 없어요. 정보를 추가하고 싶다면 히어시티 SNS로 해당 장소에 대한 설명을 보내주세요:)',	'https://pbs.twimg.com/media/EGaG3vpUcAA7ee3?format=jpg&name=large',	'올림픽공원',	GeomFromText('POINT(127.115517876627 37.5203396980951)', SRID(point)),	0,	1,	'재민&제노 한강-미사리코스 라이딩',	'20191008'),
(304,	'2023-04-20 21:41:49',	NULL,	'서울 강남구 선릉로87길 8 1층',	'선릉역 도심 속 횟집의 분위기 혁명!! 선릉역 핫플!! 숙성회, 제철 해산물 전문점!! 청담동 (구)더청담수산',	'https://postfiles.pstatic.net/MjAyMzAzMzBfMjQ1/MDAxNjgwMTc2NDYxOTcz._ApJY4A8rEnH9p-Z4HRrUlIAeHioP-7koI44HpOABbog.eDtBZbIZlnTDQscIWwtSa5YrNCGwKrwkPRIGQdSFeeMg.PNG.nct2020nana/%EC%82%AC%EC%A7%84%EC%97%86%EC%A0%9C%EB%85%B8.png?type=w966',	'청춘어람',	GeomFromText('POINT(127.048851658079 37.5032928648625)', SRID(point)),	0,	1,	'NCT 단골 횟집',	'20191019'),
(305,	'2023-04-20 21:41:49',	NULL,	'경남 남해군 남면 덕월리 322-1',	'이 장소에 대한 정보가 따로 없어요. 정보를 추가하고 싶다면 히어시티 SNS로 해당 장소에 대한 설명을 보내주세요:)',	'https://pbs.twimg.com/media/EGuzQNsUUAEQuKS?format=jpg&name=large',	'아난티남해리조트그랜드빌라',	GeomFromText('POINT(127.84650463309 34.7796353608886)', SRID(point)),	0,	11,	'도영 리슨 추석맞이 남해 휴가',	'20191013'),
(306,	'2023-04-20 21:41:49',	NULL,	'서울 강동구 암사동 659-1',	'이 장소에 대한 정보가 따로 없어요. 정보를 추가하고 싶다면 히어시티 SNS로 해당 장소에 대한 설명을 보내주세요:)',	'https://pbs.twimg.com/media/EGaG3vpUcAA7ee3?format=jpg&name=large',	'광나루 한강공원',	GeomFromText('POINT(127.125058302366 37.559145490305)', SRID(point)),	0,	1,	'재민&제노 한강-미사리코스 라이딩',	'20191008'),
(307,	'2023-04-20 21:41:49',	NULL,	'서울 강동구 한강남자전거길 3581',	'깨알정보: 재민&제노가 라면을 먹은 미니스톱 한강광나루1점이 영업종료한 관계로 미니스톱 한강광나루2점으로 안내드릴게요.',	'https://pbs.twimg.com/media/EGaG3vpUcAA7ee3?format=jpg&name=large',	'미니스톱 한강광나루2점',	GeomFromText('POINT(127.116165964438 37.5422381586235)', SRID(point)),	0,	1,	'재민&제노 한강-미사리코스 라이딩',	'20191008'),
(308,	'2023-04-20 21:41:49',	NULL,	'경기 이천시 신둔면 석동로 51-12 1층',	'건강밥상의 끝판왕! 이천 한정식 맛집',	'https://pbs.twimg.com/media/EGZ341qUwAAhksw?format=jpg&name=large',	'안옥화음식갤러리',	GeomFromText('POINT(127.423328221523 37.3222684071687)', SRID(point)),	0,	2,	'NCT DREAM 스쿨어택 촬영장소',	'20191008'),
(309,	'2023-04-20 21:41:49',	NULL,	'서울 광진구 능동로4길 78',	'커스텀픽시 -로드사이클 -휠빌딩 전문으로 취급하는 자전거 전문샵',	'https://pbs.twimg.com/media/EFTiEnNVUAAwYax?format=jpg&name=large',	'도프존',	GeomFromText('POINT(127.070478018326 37.531278637302)', SRID(point)),	0,	1,	'190925 드림 공계 재민 (자전거 타는 나나)',	'20190925'),
(310,	'2023-04-20 21:41:49',	NULL,	'서울 용산구 대사관로 35',	'한식과 양식을 아우르는 F&B 브랜드들과 관점있는 중형 서점, 갤러리, 플라워숍 등 문화, 라이프스타일에 집중한 리테일 브랜드들이 입점되어 있습니다',	'https://pbs.twimg.com/media/EFKACRAUEAYQJaN?format=jpg&name=large',	'사운즈 한남',	GeomFromText('POINT(127.00214819989 37.5337501903567)', SRID(point)),	0,	1,	'일상의 재현 : 윤오의 첫 번째 턴테이블 촬영장소',	'20190923'),
(311,	'2023-04-20 21:41:49',	NULL,	'경기 하남시 망월동',	'이 장소에 대한 정보가 따로 없어요. 정보를 추가하고 싶다면 히어시티 SNS로 해당 장소에 대한 설명을 보내주세요:)',	'https://pbs.twimg.com/media/EGaG3vpUcAA7ee3?format=jpg&name=large',	'미사경정공원입구',	GeomFromText('POINT(127.189475097868 37.5680994614327)', SRID(point)),	0,	1,	'재민&제노 한강-미사리코스 라이딩',	'20191008'),
(312,	'2023-04-20 21:41:49',	NULL,	'경남 남해군 삼동면 물건리 1074-2',	'아름다운 독일을 느낄 수 있는 곳',	'https://pbs.twimg.com/media/EEk1SDrUEAAGHTC?format=jpg&name=large',	'남해독일마을',	GeomFromText('POINT(128.041608648993 34.7983538647855)', SRID(point)),	0,	11,	'190906 127 공계 도영',	'20190906'),
(313,	'2023-04-20 21:41:49',	NULL,	'서울 용산구 이태원로 238-1',	'한남동 편집샵',	'https://pbs.twimg.com/media/EFKAAqwUUAIOksk?format=jpg&name=large',	'온더스팟 한남점',	GeomFromText('POINT(127.000018668756 37.5360073970769)', SRID(point)),	0,	1,	'일상의 재현 : 윤오의 첫 번째 턴테이블 촬영장소',	'20190923'),
(314,	'2023-04-20 21:41:49',	NULL,	'경기 광주시 남한산성면 산성리 산23',	'이 장소에 대한 정보가 따로 없어요. 정보를 추가하고 싶다면 히어시티 SNS로 해당 장소에 대한 설명을 보내주세요:)',	'https://pbs.twimg.com/media/EEeiXp_UwAA2G3P?format=jpg&name=large;https://pbs.twimg.com/media/EEeiYR0U0AAcGky?format=jpg&name=large',	'남한산성',	GeomFromText('POINT(127.178540984585 37.4791560431316)', SRID(point)),	0,	2,	'190915 JCC 쟈씨씨 EP.13 Hiking for 38h with 유타 촬영장소',	'20190915'),
(315,	'2023-04-20 21:41:49',	NULL,	'부산 사하구 장림로93번길 72',	'부산의 베네치아로 불리는 곳. 재민이와 제노처럼 9가지 다른 색의 벽을 배경으로 9컷 인생샷을 찍어보세요.',	'https://pbs.twimg.com/media/EBl57CtU4AA8Ku3?format=jpg&name=medium;https://pbs.twimg.com/media/EBl57CsVAAIjL8p?format=jpg&name=medium;https://pbs.twimg.com/media/EBl56i_U4AE2U2Y?format=jpg&name=medium',	'장림포구',	GeomFromText('POINT(128.951368692909 35.0791595519288)', SRID(point)),	0,	5,	'재민&제노 배틀트립 촬영장소',	'20190810'),
(316,	'2023-04-20 21:41:49',	NULL,	'부산 영도구 태종로 816 2층',	'맛있는녀석들에 나온 부산 조개구이 맛집',	'https://pbs.twimg.com/media/EBl57lEUEAAtY5k?format=jpg&name=medium',	'사랑방',	GeomFromText('POINT(129.08084679698 35.0634680504754)', SRID(point)),	0,	5,	'재민&제노 배틀트립 촬영장소',	'20190810'),
(317,	'2023-04-20 21:41:49',	NULL,	'경기 광주시 남한산성면 남한산성로 518',	'깨알정보: 쟈니와 유타가 먹은 메뉴는 백숙과 파전',	'https://pbs.twimg.com/media/EEehsM9UEAAJHrj?format=jpg&name=large',	'우묵골',	GeomFromText('POINT(127.206061474262 37.4673848048148)', SRID(point)),	0,	2,	'190915 JCC 쟈씨씨 EP.13 Hiking for 38h with 유타 촬영장소',	'20190915'),
(318,	'2023-04-20 21:41:49',	NULL,	'부산 동래구 안락로 30 1층',	'엄선된 한우와 특제소스로 감동을 주는 양곱창 맛집',	'https://pbs.twimg.com/media/EBnSLuqVUAA3f1E?format=jpg&name=medium',	'심슨양곱창 본점',	GeomFromText('POINT(129.100258921959 35.2003471259312)', SRID(point)),	0,	5,	'재민&제노 배틀트립 촬영장소',	'20190810'),
(319,	'2023-04-20 21:41:49',	NULL,	'부산 동구 초량중로 26',	'전통을 가진 돼지수육과 국수 맛집. 깨알정보: 재민이와 제노가 앉은 곳은 2층 올라가자마자 있는 자리! 여쭤보면 안내해주신답니다^ㅇ^',	'https://pbs.twimg.com/media/EBl6afDU0AAdkh6?format=jpg&name=medium',	'평산옥',	GeomFromText('POINT(129.037101380825 35.1142870759589)', SRID(point)),	0,	5,	'재민&제노 배틀트립 촬영장소',	'20190810'),
(320,	'2023-04-20 21:41:49',	NULL,	'부산 남구 황령산로 391-39',	'아름다운 부산 전경이 파노라마처럼 펼쳐지는 곳',	'https://pbs.twimg.com/media/EBn6QPsVAAAEvov?format=jpg&name=large',	'황령산전망쉼터',	GeomFromText('POINT(129.082701685016 35.1578945742613)', SRID(point)),	0,	5,	'재민&제노 배틀트립 촬영장소',	'20190810'),
(321,	'2023-04-20 21:41:49',	NULL,	'부산 해운대구 송정구덕포길 37',	'송정 해수욕장에서 즐기는 제트서핑',	'https://post-phinf.pstatic.net/MjAxOTA4MTBfMjg2/MDAxNTY1NDA0NjcxMDQ0.z7YIDwlXfQ167s5_7g656EAVtZZs42132abl0_U-SNIg.yaRKXEeTxtuArg0-Se_AIjffmnE2Fvn2R4HHFtYSr1kg.JPEG/14_.jpg?type=w1200',	'송정마리나',	GeomFromText('POINT(129.19773407318 35.17404290674)', SRID(point)),	0,	5,	'재민&제노 배틀트립 촬영장소',	'20190810'),
(322,	'2023-04-20 21:41:49',	NULL,	'부산 수영구 민락수변로 105 9층',	'바다뷰와 광안대교뷰를 배경으로 신선하고 맛있는 회가 생각나는 집',	'https://pbs.twimg.com/media/EBn3OZIVUAAbB35?format=jpg&name=large;https://pbs.twimg.com/media/EBn3OZJUEAAUrBG?format=jpg&name=large;https://pbs.twimg.com/media/EBn44AOUEAAoC_0?format=jpg&name=large',	'금강횟집',	GeomFromText('POINT(129.132069430178 35.1547335148093)', SRID(point)),	0,	5,	'재민&제노 배틀트립 촬영장소 / 170410 NCT DREAM 엔라 미니 비하인드 (부산 팬싸인회)',	'20190810'),
(323,	'2023-04-20 21:41:49',	NULL,	'부산 영도구 동삼동 산19-3',	'태종대에서 즐길 수 있는 유람선으로 태종대의 해안절경과 아치섬을 한꺼번에 감상할 수 있다.',	'https://post-phinf.pstatic.net/MjAxOTA4MTBfNDMg/MDAxNTY1NDA0NjY5NzI2.9n_OvDagoy3oaF8L-2ohFFSqYQkUWzAo620_Itz7WCIg.d6i9sZOvaJqRzUpskk4aRnoi8LiJx0wWqt0ocrPcW9gg.JPEG/04.jpg?type=w1200',	'태종대곤포유람선',	GeomFromText('POINT(129.079984794633 35.0583376065036)', SRID(point)),	0,	5,	'재민&제노 배틀트립 촬영장소',	'20190810'),
(324,	'2023-04-20 21:41:49',	NULL,	'부산 해운대구 송정동 712-2',	'이 장소에 대한 정보가 따로 없어요. 정보를 추가하고 싶다면 히어시티 SNS로 해당 장소에 대한 설명을 보내주세요:)',	'https://postfiles.pstatic.net/MjAyMzAzMzBfMjQ1/MDAxNjgwMTc2NDYxOTcz._ApJY4A8rEnH9p-Z4HRrUlIAeHioP-7koI44HpOABbog.eDtBZbIZlnTDQscIWwtSa5YrNCGwKrwkPRIGQdSFeeMg.PNG.nct2020nana/%EC%82%AC%EC%A7%84%EC%97%86%EC%A0%9C%EB%85%B8.png?type=w966',	'부산 송정해수욕장',	GeomFromText('POINT(129.199338861897 35.1794451592458)', SRID(point)),	0,	5,	'재민&제노 배틀트립 촬영장소',	'20190810'),
(325,	'2023-04-20 21:41:49',	NULL,	'서울 서대문구 북아현로 114',	'셀프, 대여 스튜디오',	'https://pbs.twimg.com/media/EBS0-cDUwAEs9X6?format=jpg&name=large',	'그레이포그',	GeomFromText('POINT(126.951029927775 37.5652453604806)', SRID(point)),	0,	1,	'NCT 127 디아이콘 Dicon 촬영장소',	'20190806'),
(326,	'2023-04-20 21:41:49',	NULL,	'서울 종로구 삼일대로 460',	'드라마 <도깨비> 촬영지. 깨알정보: 덕성여대 평생교육원으로 사용되고 있으며, 일반 방문객들의 출입이 제한됨',	'https://pbs.twimg.com/media/EBITUHPUwAM9dli?format=jpg&name=large;https://pbs.twimg.com/media/EBGlCXiUIAA4OPi?format=jpg&name=large;https://pbs.twimg.com/media/EBGlCXiUwAAZ4iL?format=jpg&name=large',	'운현궁양관',	GeomFromText('POINT(126.988157468773 37.5766305283836)', SRID(point)),	0,	1,	'NCT DREAM \'We Boom\' 자켓 촬영장소',	'20190804'),
(327,	'2023-04-20 21:41:49',	NULL,	'서울 마포구 상암동 482-164',	'이 장소에 대한 정보가 따로 없어요. 정보를 추가하고 싶다면 히어시티 SNS로 해당 장소에 대한 설명을 보내주세요:)',	'https://pbs.twimg.com/media/D_2Hx-FUEAAAdka?format=jpg&name=medium;https://pbs.twimg.com/media/EAp2yKSUcAExYoF?format=jpg&name=large;https://pbs.twimg.com/media/EAp2yKUU8AA3ETC?format=jpg&name=large',	'난지 한강공원익스트림장',	GeomFromText('POINT(126.879368597121 37.5652399289031)', SRID(point)),	0,	1,	'NCT 127 포토북 <안녕! #서울> 촬영장소',	'20190719'),
(328,	'2023-04-20 21:41:49',	NULL,	'서울 마포구 와우산로29길 14-8 101호 또보겠지떡볶이집 스마일보이점',	'떡볶이와 감자튀김, 그리고 볶음밥이 시그니처 매뉴',	'https://pbs.twimg.com/media/D_2H0bGUYAMdJwY?format=jpg&name=large;https://pbs.twimg.com/media/D_2H0auVUAA8kI5?format=jpg&name=large',	'또보겠지떡볶이집 스마일보이점',	GeomFromText('POINT(126.929243675616 37.5549743934334)', SRID(point)),	0,	1,	'NCT 127 포토북 <안녕! #서울> 촬영장소',	'20190719'),
(329,	'2023-04-20 21:41:49',	NULL,	'서울 종로구 종로58길 41',	'헌책방',	'https://pbs.twimg.com/media/D_2KrOVVUAsYQbA?format=jpg&name=large',	'청계천서점',	GeomFromText('POINT(127.018765856837 37.5717572313412)', SRID(point)),	0,	1,	'NCT 127 포토북 <안녕! #서울> 촬영장소',	'20190719'),
(330,	'2023-04-20 21:41:49',	NULL,	'서울 종로구 숭인동 102-8',	'이 장소에 대한 정보가 따로 없어요. 정보를 추가하고 싶다면 히어시티 SNS로 해당 장소에 대한 설명을 보내주세요:)',	'https://pbs.twimg.com/media/D_2KrOYUwAM5QGr?format=jpg&name=large',	'동묘 벼룩시장',	GeomFromText('POINT(127.017641013013 37.5732182781231)', SRID(point)),	0,	1,	'NCT 127 포토북 <안녕! #서울> 촬영장소',	'20190719'),
(331,	'2023-04-20 21:41:49',	NULL,	'서울특별시 용산구 녹사평대로 195',	'깨알정보: 4번 출구에서 찍었어요!',	'https://pbs.twimg.com/media/D_2JO1dU4AEG1yx?format=jpg&name=medium;https://pbs.twimg.com/media/D_2JO1bU0AA5pIW?format=jpg&name=medium;https://pbs.twimg.com/media/D_2JO1bUIAAVXAM?format=jpg&name=medium;https://pbs.twimg.com/media/D_2XKH4U4AYKC1x?format=jpg&name=large',	'녹사평역 6호선',	GeomFromText('POINT(126.987028473368 37.5348314193581)', SRID(point)),	0,	1,	'NCT 127 포토북 <안녕! #서울> 촬영장소',	'20190719'),
(332,	'2023-04-20 21:41:49',	NULL,	'서울 서초구 반포동',	'이 장소에 대한 정보가 따로 없어요. 정보를 추가하고 싶다면 히어시티 SNS로 해당 장소에 대한 설명을 보내주세요:)',	'https://pbs.twimg.com/media/D_2T3n9UYAAkXXC?format=jpg&name=900x900;https://pbs.twimg.com/media/Doe_CuoXoAAWBzE?format=jpg&name=large',	'반포대교',	GeomFromText('POINT(127.013359062646 37.5051446767402)', SRID(point)),	0,	1,	'NCT 127 포토북 <안녕! #서울> 촬영장소 / NCT 127 \'Regular-Irregular\' 자켓 촬영장소',	'20190719'),
(333,	'2023-04-20 21:41:49',	NULL,	'서울 종로구 창의문로11길 4-1',	'가을 단풍 명소, 비밀스러운 정원 석파정',	'https://pbs.twimg.com/media/D_2QN6EU4AAztR7?format=jpg&name=900x900;https://pbs.twimg.com/media/D_2QN6EUEAEPk2a?format=jpg&name=900x900',	'석파정',	GeomFromText('POINT(126.962428778162 37.5949660263908)', SRID(point)),	0,	1,	'NCT 127 포토북 <안녕! #서울> 촬영장소',	'20190719'),
(334,	'2023-04-20 21:41:49',	NULL,	'서울 중구 을지로 281',	'꿈꾸고(Dream), 만들고(Design), 누리는(Play) DDP(동대문디자인플라자)',	'https://pbs.twimg.com/media/EApogauU8AAvZDd?format=jpg&name=large',	'DDP 동대문디자인플라자',	GeomFromText('POINT(127.010890355484 37.5680445876689)', SRID(point)),	0,	1,	'[N\'-44] 00+00+00+00=LOVE / NCT 127 포토북 <안녕! #서울> 촬영장소',	'20190719'),
(335,	'2023-04-20 21:41:50',	NULL,	'서울 서초구 반포동 115-5',	'이 장소에 대한 정보가 따로 없어요. 정보를 추가하고 싶다면 히어시티 SNS로 해당 장소에 대한 설명을 보내주세요:)',	'https://pbs.twimg.com/media/EApiSejVAAAy3d0?format=jpg&name=large',	'반포한강공원달빛광장',	GeomFromText('POINT(126.995269636407 37.5097694752014)', SRID(point)),	0,	1,	'NCT 127 포토북 <안녕! #서울> 촬영장소',	'20190719'),
(336,	'2023-04-20 21:41:50',	NULL,	'서울 송파구 올림픽로 240',	'365일 즐거움이 가득한 공간, 롯데월드!',	'https://pbs.twimg.com/media/EApogaxUEAAYmor?format=jpg&name=large',	'롯데월드',	GeomFromText('POINT(127.098141751177 37.5113096112036)', SRID(point)),	0,	1,	'NCT 127 포토북 <안녕! #서울> 촬영장소 / 180925 드림 공계 런쥔',	'20190719'),
(337,	'2023-04-20 21:41:50',	NULL,	'서울 서초구 신반포로 176 신세계백화점 B1층',	'베이커리 맛집. 지점이 여러 개라 신세계백화점 강남점으로 안내드릴게요.',	'https://postfiles.pstatic.net/MjAyMzAzMzBfMjQ1/MDAxNjgwMTc2NDYxOTcz._ApJY4A8rEnH9p-Z4HRrUlIAeHioP-7koI44HpOABbog.eDtBZbIZlnTDQscIWwtSa5YrNCGwKrwkPRIGQdSFeeMg.PNG.nct2020nana/%EC%82%AC%EC%A7%84%EC%97%86%EC%A0%9C%EB%85%B8.png?type=w966',	'더 메나쥬리 신세계백화점 강남점',	GeomFromText('POINT(127.002413006799 37.5039351769908)', SRID(point)),	0,	1,	'190724 도영 리슨',	'20190724'),
(338,	'2023-04-20 21:41:50',	NULL,	'경북 안동시 동문동',	'깨알정보: 할매네 점빵을 지나면 드림이들 벽화가 있어요. 자세한 위치는 사진 참고.',	'https://pbs.twimg.com/media/D-eUJl8VAAwPnpU?format=jpg&name=large;https://pbs.twimg.com/media/D-eUJmUU4AELAcG?format=jpg&name=large',	'신세동벽화마을',	GeomFromText('POINT(128.735802491224 36.5656673279051)', SRID(point)),	0,	12,	'안동 벽화마을 : 내가 그린 드림 그림 촬영장소',	'20190702'),
(339,	'2023-04-20 21:41:50',	NULL,	'경북 안동시 음식의길 10',	'안동 갈비 맛집',	'https://pbs.twimg.com/media/D-eUIqfVUAY7AFX?format=jpg&name=large',	'거창숯불갈비',	GeomFromText('POINT(128.731938131925 36.5635584637129)', SRID(point)),	0,	12,	'안동 벽화마을 : 내가 그린 드림 그림 촬영장소',	'20190702'),
(340,	'2023-04-20 21:41:50',	NULL,	'서울 마포구 성암로 267',	'상암dmc 중국집 맛집. 깨알정보: 재현이와 마크가 시킨 메뉴는 칠리새우와 찹쌀탕수육, 깐풍기이다.',	'https://pbs.twimg.com/media/D9vA__RVUAAtknS?format=jpg&name=medium',	'더차이 상암MBC몰점',	GeomFromText('POINT(126.890988995582 37.5811234199086)', SRID(point)),	0,	1,	'재현, 마크 x 영국남자 유튜브 촬영장소',	'20190619'),
(341,	'2023-04-20 21:41:50',	NULL,	'서울 마포구 양화로 130',	'4성급 호텔. Travellers\' Choice 2021',	'https://pbs.twimg.com/media/D89IdUFU0AA4teX?format=jpg&name=large;https://pbs.twimg.com/media/D89IdUHU8AEE7pc?format=jpg&name=large',	'라이즈오토그래프컬렉션',	GeomFromText('POINT(126.921207395382 37.5543349117636)', SRID(point)),	0,	1,	'WayV \'爱不释手 (Let me love u)\' Self-Filmed MV 촬영장소',	'20190613'),
(342,	'2023-04-20 21:41:50',	NULL,	'인천 연수구 송도과학로 85',	'이 장소에 대한 정보가 따로 없어요. 정보를 추가하고 싶다면 히어시티 SNS로 해당 장소에 대한 설명을 보내주세요:)',	'https://pbs.twimg.com/media/D8nC-eQV4AAM1cC?format=jpg&name=large',	'연세대학교 국제캠퍼스',	GeomFromText('POINT(126.666919181235 37.3817663445232)', SRID(point)),	0,	7,	'NCT DREAM X HRVY \'Don\'t Need Your Love\' MV 촬영장소',	'20190606'),
(343,	'2023-04-20 21:41:50',	NULL,	'인천 연수구 송도과학로16번길 33-1 트리플스트리트 A동',	'아웃도어계의 이케아. 깨알정보: MV촬영은 옥상 풋살구장에서 했어요!',	'https://pbs.twimg.com/media/D8ixw_JV4AIRzzs?format=jpg&name=large;https://pbs.twimg.com/media/D8ixw_JUcAAkk47?format=jpg&name=large;https://pbs.twimg.com/media/D8i2EhfUIAAutzD?format=jpg&name=large',	'데카트론 송도',	GeomFromText('POINT(126.658919524951 37.3806451096044)', SRID(point)),	0,	7,	'NCT DREAM X HRVY \'Don\'t Need Your Love\' MV 촬영장소',	'20190606'),
(344,	'2023-04-20 21:41:50',	NULL,	'인천 연수구 송도과학로16번길 33-1',	'볼거리, 먹거리, 즐길거리 그리고 다양한 문화 콘텐츠가 어우러진 \'복합문화공간\'',	'https://pbs.twimg.com/media/D8jF4_NUwAEFJ_0?format=jpg&name=large',	'트리플스트리트',	GeomFromText('POINT(126.658919524951 37.3806451096044)', SRID(point)),	0,	7,	'NCT DREAM X HRVY \'Don\'t Need Your Love\' MV 촬영장소',	'20190606'),
(345,	'2023-04-20 21:41:50',	NULL,	'인천 연수구 컨벤시아대로 160',	'이 장소에 대한 정보가 따로 없어요. 정보를 추가하고 싶다면 히어시티 SNS로 해당 장소에 대한 설명을 보내주세요:)',	'https://pbs.twimg.com/media/D8i_5NIUYAktweL?format=jpg&name=medium;https://pbs.twimg.com/media/D8i_5NKU8AE0_uL?format=jpg&name=large',	'송도 센트럴파크',	GeomFromText('POINT(126.643567943892 37.3903650818207)', SRID(point)),	0,	7,	'NCT DREAM X HRVY \'Don\'t Need Your Love\' MV 촬영장소',	'20190606'),
(346,	'2023-04-20 21:41:50',	NULL,	'제주 제주시 우도면 우도해안길 170',	'싱싱한 해산물이 들어간 한식을 마음껏 즐길 수 있는 해산물 전문 식당',	'https://pbs.twimg.com/media/D66_2W0UwAI2QAN?format=jpg&name=medium',	'우도밥상',	GeomFromText('POINT(126.944341897291 33.4956747428708)', SRID(point)),	0,	9,	'190515 드림 공계 런쥔',	'20190515'),
(347,	'2023-04-20 21:41:50',	NULL,	'서울 서초구 강남대로 465 교보타워 B1F, B2F',	'이 장소에 대한 정보가 따로 없어요. 정보를 추가하고 싶다면 히어시티 SNS로 해당 장소에 대한 설명을 보내주세요:)',	'https://pbs.twimg.com/media/D7v_uLtVsAEcMtw?format=jpg&name=large',	'폴바셋 교보문고 강남점',	GeomFromText('POINT(127.024109539913 37.5037560541254)', SRID(point)),	0,	1,	'도영&재현 슈퍼휴먼 앨범 언박싱 촬영장소',	'20190530'),
(348,	'2023-04-20 21:41:50',	NULL,	'서울 서초구 신반포로49길 12 하늘정원빌딩 2층',	'향수 제조, 조향 컨설팅 등의 체험이 가능한 공방',	'https://pbs.twimg.com/media/D7BIbGhVUAAoR9_?format=jpg&name=900x900',	'센토리',	GeomFromText('POINT(127.020317529443 37.511542170692)', SRID(point)),	0,	1,	'공공즈의 성년의 날 드림향 향수 만들기 촬영장소',	'20190520'),
(349,	'2023-04-20 21:41:50',	NULL,	'제주 제주시 한림읍 협재리 2689-1',	'이 장소에 대한 정보가 따로 없어요. 정보를 추가하고 싶다면 히어시티 SNS로 해당 장소에 대한 설명을 보내주세요:)',	'https://pbs.twimg.com/media/D67CdF0V4AAsCcY?format=jpg&name=medium',	'금능으뜸원해변캠핑장',	GeomFromText('POINT(126.235006737671 33.3893102581714)', SRID(point)),	0,	9,	'190515 드림 공계 런쥔',	'20190515'),
(350,	'2023-04-20 21:41:50',	NULL,	'서울 서초구 강남대로 455 강남태영데시앙루브',	'일본라멘 맛집 일본인 주방장이 만드는 일본라멘',	'https://postfiles.pstatic.net/MjAyMzAzMzBfMjQ1/MDAxNjgwMTc2NDYxOTcz._ApJY4A8rEnH9p-Z4HRrUlIAeHioP-7koI44HpOABbog.eDtBZbIZlnTDQscIWwtSa5YrNCGwKrwkPRIGQdSFeeMg.PNG.nct2020nana/%EC%82%AC%EC%A7%84%EC%97%86%EC%A0%9C%EB%85%B8.png?type=w966',	'겐조라멘',	GeomFromText('POINT(127.024543871587 37.5028594641113)', SRID(point)),	0,	1,	'도영&재현 슈퍼휴먼 앨범 언박싱 촬영장소',	'20190530'),
(351,	'2023-04-20 21:41:50',	NULL,	'서울 서초구 강남대로 465 교보타워 지하 1층~지하 2층',	'이 장소에 대한 정보가 따로 없어요. 정보를 추가하고 싶다면 히어시티 SNS로 해당 장소에 대한 설명을 보내주세요:)',	'https://pbs.twimg.com/media/D7v-6MpUcAA0jxE?format=jpg&name=large',	'교보문고 강남점',	GeomFromText('POINT(127.024109539913 37.5037560541254)', SRID(point)),	0,	1,	'도영&재현 슈퍼휴먼 앨범 언박싱 촬영장소',	'20190530'),
(352,	'2023-04-20 21:41:50',	NULL,	'서울 송파구 송파대로 111 201동 B103호',	'역동적인 몸의 움직임을 통해 건강한 마인드를 추구하고, 다이나믹 스포츠와 자유로운 취향의 라이프 스타일을 경험하는 도심형 신개념 스포테인먼트 시설',	'https://pbs.twimg.com/media/D6dIGANUIAEY49T?format=jpg&name=large',	'점프스카이 송파',	GeomFromText('POINT(127.124913859704 37.4796683841344)', SRID(point)),	0,	1,	'[나를 구해줘 : SAVE NCT DREAM] 4회 드림선수촌 편 촬영장소',	'20190513'),
(353,	'2023-04-20 21:41:50',	NULL,	'경기 용인시 처인구 포곡읍 에버랜드로 199',	'꿈과 환상의 나라 에버랜드. 깨알정보: EVERLAND X SMTOWN_NCT를 만나 달라진 허리케인과 범퍼카를 만나보세요!',	'https://postfiles.pstatic.net/MjAyMzAzMzBfMjQ1/MDAxNjgwMTc2NDYxOTcz._ApJY4A8rEnH9p-Z4HRrUlIAeHioP-7koI44HpOABbog.eDtBZbIZlnTDQscIWwtSa5YrNCGwKrwkPRIGQdSFeeMg.PNG.nct2020nana/%EC%82%AC%EC%A7%84%EC%97%86%EC%A0%9C%EB%85%B8.png?type=w966',	'에버랜드',	GeomFromText('POINT(127.202128029885 37.294066695953)', SRID(point)),	0,	2,	'DREAM in EVERLAND 촬영장소',	'20221025'),
(354,	'2023-04-20 21:41:50',	NULL,	'서울 강남구 테헤란로 415',	'4성급 호텔. Travellers\' Choice Best of the Best 2021',	'https://pbs.twimg.com/media/D6Ne47TUwAAPx0Q?format=jpg&name=large',	'L7 강남',	GeomFromText('POINT(127.051541631852 37.5057885877997)', SRID(point)),	0,	1,	'일상의 재현 : 휴일의 윤오 촬영장소',	'20190510'),
(355,	'2023-04-20 21:41:50',	NULL,	'경기 김포시 모담공원로 170-1',	'전통과 현대의 아름다움이 공존하는 김포아트빌리지',	'https://pbs.twimg.com/media/D5u34SGUIAA9WHY?format=png&name=small;https://pbs.twimg.com/media/D5uhvMnU0AIU-kV?format=jpg&name=large',	'김포아트빌리지',	GeomFromText('POINT(126.694685553445 37.6451012654339)', SRID(point)),	0,	2,	'[나를 구해줘 : SAVE NCT DREAM] 2회 성균관 드리미 편 촬영장소',	'20190430'),
(356,	'2023-04-20 21:41:50',	NULL,	'대구 중구 달성로 50 서문시장',	'이 장소에 대한 정보가 따로 없어요. 정보를 추가하고 싶다면 히어시티 SNS로 해당 장소에 대한 설명을 보내주세요:)',	'https://img.asiatoday.co.kr/file/2020y/06m/29d/2020062901002935800174981.jpg',	'서문시장',	GeomFromText('POINT(128.58223914522 35.8697992183365)', SRID(point)),	0,	4,	'대한민국 동행세일 드림 대구방문',	'20200701'),
(357,	'2023-04-20 21:41:50',	NULL,	'대구 중구 큰장로26길 25',	'서문시장 2지구 지하1층에 위치한 카페. 깨알정보: 제노픽 스카치라떼, 재민픽 아메리카노, 지성픽 수박주스',	'https://postfiles.pstatic.net/MjAyMzAzMzBfMjQ1/MDAxNjgwMTc2NDYxOTcz._ApJY4A8rEnH9p-Z4HRrUlIAeHioP-7koI44HpOABbog.eDtBZbIZlnTDQscIWwtSa5YrNCGwKrwkPRIGQdSFeeMg.PNG.nct2020nana/%EC%82%AC%EC%A7%84%EC%97%86%EC%A0%9C%EB%85%B8.png?type=w966',	'리틀빈',	GeomFromText('POINT(128.579531346148 35.8688146731471)', SRID(point)),	0,	4,	'대한민국 동행세일 드림 대구방문',	'20200701'),
(358,	'2023-04-20 21:41:50',	NULL,	'서울 영등포구 선유로 156',	'이 장소에 대한 정보가 따로 없어요. 정보를 추가하고 싶다면 히어시티 SNS로 해당 장소에 대한 설명을 보내주세요:)',	'https://pbs.twimg.com/media/DxvvKj-VAAEx681?format=jpg&name=large',	'코스트코코리아 양평점',	GeomFromText('POINT(126.892185701933 37.5276672625119)', SRID(point)),	0,	1,	'190125 JCC 쟈씨씨 EP.5 For Concert Practice, Joh-Fam Prepared Snacks 촬영장소',	'20190125'),
(359,	'2023-04-20 21:41:50',	NULL,	'경기 부천시 대장로118번길 7 팽오리농장',	'부천 오리전문점 팽오리농장 뼈없는 오리도리탕',	'https://pbs.twimg.com/media/FpuONoOaEAAeV_B?format=jpg&name=large',	'팽오리농장 본점',	GeomFromText('POINT(126.788262599504 37.5419715786847)', SRID(point)),	0,	2,	'230224 유타 인스타 스토리 127 오리고기집',	'20230224'),
(360,	'2023-04-20 21:41:50',	NULL,	'강원 춘천시 남산면 북한강변길 688',	'전철로 이용 가능한 스키 리조트 엘리시안 강촌',	'https://pbs.twimg.com/media/DxVkcoQU0AAWWAt?format=jpg&name=large;https://pbs.twimg.com/media/DxVkd10UUAAV_XM?format=jpg&name=large',	'엘리시안강촌스키장',	GeomFromText('POINT(127.578623217555 37.830019818132)', SRID(point)),	0,	8,	'천지의 이것저것 Ep.5 눈썰매편 촬영장소',	'20190120'),
(361,	'2023-04-20 21:41:50',	NULL,	'강원 춘천시 남산면 강촌로 97 강촌토종닭갈비',	'강촌역에서 강촌유원지로 올라가는 길목에 자리 잡은 춘천닭갈비 전문점',	'https://pbs.twimg.com/media/DxVjDQHUYAEy_lV?format=jpg&name=large',	'춘천명동닭갈비',	GeomFromText('POINT(127.636454628088 37.8107208810433)', SRID(point)),	0,	8,	'천지의 이것저것 Ep.5 눈썰매편 촬영장소',	'20190120'),
(362,	'2023-04-20 21:41:50',	NULL,	'서울 광진구 능동로 163 지하1층',	'20여마리의 댕댕이 냥냥이와 함께 하는 보드게임카페',	'https://pbs.twimg.com/media/Dw29V4YUcAUjsem?format=jpg&name=medium;https://pbs.twimg.com/media/Dw29XKwUUAE5B5l?format=jpg&name=medium',	'플레이독스',	GeomFromText('POINT(127.072926684045 37.5453835681779)', SRID(point)),	0,	1,	'190114 드림 공계 런쥔',	'20190114'),
(363,	'2023-04-20 21:41:50',	NULL,	'서울 중구 퇴계로 212 대한극장',	'예술영화부터 블록버스터까지, 모든 영화를 만날 수 있는 아트플렉스 대한극장',	'https://pbs.twimg.com/media/DxmJmGFVYAAQR2s?format=jpg&name=large',	'대한극장',	GeomFromText('POINT(126.995343584628 37.5610754317367)', SRID(point)),	0,	1,	'드림공공즈 <갓 20살 00즈 봉인 해제> 자컨 촬영장소',	'20190123'),
(364,	'2023-04-20 21:41:50',	NULL,	'서울 용산구 이태원로55가길 28',	'한남동 피자 수요미식회로 유명한 부자피자. 깨알정보: 재민&제노가 방문한 신사점이 영업을 종료한 관계로 한남동에 위치한 1호점으로 안내해드릴게요.',	'https://pbs.twimg.com/media/DwjLnS4UcAAdC9q?format=jpg&name=large;https://pbs.twimg.com/media/DwjLoDAVAAA3kux?format=jpg&name=large',	'부자피자 1호점',	GeomFromText('POINT(126.999802560451 37.537264562943)', SRID(point)),	0,	1,	'나나의 소소한 영상 모음집 시금치 피자편 촬영장소',	'20190110'),
(365,	'2023-04-20 21:41:50',	NULL,	'서울 강남구 압구정로50길 28 상가동 1층 113호',	'일본 정통 카레 전문점. 깨알정보: 멤버들이 선택한 토핑은 각각 태일-야채튀김&고로케(맵기3), 쟈니-돈까스(맵기3), 유타-돈까스&오징어링(맵기4), 해찬-소시지&새우튀김(맵기2)이다.',	'https://pbs.twimg.com/media/DaXSQhCU8AAmbvo?format=jpg&name=large',	'우찌노카레',	GeomFromText('POINT(127.037303318538 37.5266478506594)', SRID(point)),	0,	1,	'태일 추천 맛집 / NCT 127 ROAD TO JAPAN #8 촬영장소',	'20181105'),
(366,	'2023-04-20 21:41:50',	NULL,	'서울 강남구 도곡로 516 1층 마왕족발',	'족발의 통념을 깨는 독보적인 맛의 바베큐 족발\'. 지점이 많아요.',	'https://postfiles.pstatic.net/MjAyMzAzMzBfMjQ1/MDAxNjgwMTc2NDYxOTcz._ApJY4A8rEnH9p-Z4HRrUlIAeHioP-7koI44HpOABbog.eDtBZbIZlnTDQscIWwtSa5YrNCGwKrwkPRIGQdSFeeMg.PNG.nct2020nana/%EC%82%AC%EC%A7%84%EC%97%86%EC%A0%9C%EB%85%B8.png?type=w966',	'마왕족발 대치점',	GeomFromText('POINT(127.062987853204 37.4991812807975)', SRID(point)),	0,	1,	'정우 추천 맛집',	'20181105'),
(367,	'2023-04-20 21:41:50',	NULL,	'서울 강남구 언주로165길 7-4',	'들깨수제비와 바싹불고기를 먹을 수 있는 테이스티로드 한식집',	'https://postfiles.pstatic.net/MjAyMzAzMzBfMjQ1/MDAxNjgwMTc2NDYxOTcz._ApJY4A8rEnH9p-Z4HRrUlIAeHioP-7koI44HpOABbog.eDtBZbIZlnTDQscIWwtSa5YrNCGwKrwkPRIGQdSFeeMg.PNG.nct2020nana/%EC%82%AC%EC%A7%84%EC%97%86%EC%A0%9C%EB%85%B8.png?type=w966',	'장사랑',	GeomFromText('POINT(127.032307836348 37.5255794729573)', SRID(point)),	0,	1,	'도영 추천 맛집',	'20181105'),
(368,	'2023-04-20 21:41:50',	NULL,	'서울 강남구 언주로172길 54',	'깨알정보: 태용 추천메뉴는 나가사키 나베',	'https://postfiles.pstatic.net/MjAyMzAzMzBfMjQ1/MDAxNjgwMTc2NDYxOTcz._ApJY4A8rEnH9p-Z4HRrUlIAeHioP-7koI44HpOABbog.eDtBZbIZlnTDQscIWwtSa5YrNCGwKrwkPRIGQdSFeeMg.PNG.nct2020nana/%EC%82%AC%EC%A7%84%EC%97%86%EC%A0%9C%EB%85%B8.png?type=w966',	'천공',	GeomFromText('POINT(127.038032539484 37.5268432256129)', SRID(point)),	0,	1,	'태용 추천 맛집',	'20181105'),
(369,	'2023-04-20 21:41:50',	NULL,	'경기 고양시 덕양구 권율대로 420',	'이 장소에 대한 정보가 따로 없어요. 정보를 추가하고 싶다면 히어시티 SNS로 해당 장소에 대한 설명을 보내주세요:)',	'https://pbs.twimg.com/media/Duc5BVUUYAAzB8I?format=jpg&name=large;https://pbs.twimg.com/media/Duc5B-QUcAAXg6e?format=jpg&name=large',	'이케아 고양점',	GeomFromText('POINT(126.863123845458 37.6295889786577)', SRID(point)),	0,	2,	'181215 JCC 쟈씨씨 EP.3 IKEA Shopping & Assembling a shelf 촬영장소',	'20181215'),
(370,	'2023-04-20 21:41:50',	NULL,	'서울 강남구 압구정로14길 6 303호',	'서울 강남 레터링케이크 당일 주문 및 셀프로 간단한 수제케이크 만들기를 할 수 있는 공방카페',	'https://pbs.twimg.com/media/DsYRMPMU8AEatIy?format=jpg&name=900x900',	'더케익스토리',	GeomFromText('POINT(127.022980226111 37.523858489259)', SRID(point)),	0,	1,	'나나의 소소한 영상 모음집 케이크편 촬영장소',	'20181212'),
(371,	'2023-04-20 21:41:50',	NULL,	'서울 중구 다산로22길 29',	'중구 신당동에 위치한 자연광 렌탈 스튜디오 studio H',	'https://pbs.twimg.com/media/DuDa9KMUUAAn9gK?format=jpg&name=large',	'studio H',	GeomFromText('POINT(127.013984388023 37.5573112306259)', SRID(point)),	0,	1,	'NCT 미니게임천국 #1: 음악감별사 최강자전!',	'20180607'),
(372,	'2023-04-20 21:41:50',	NULL,	'서울 마포구 월드컵로1길 14',	'이 장소에 대한 정보가 따로 없어요. 정보를 추가하고 싶다면 히어시티 SNS로 해당 장소에 대한 설명을 보내주세요:)',	'https://pbs.twimg.com/media/DtkY8DrVAAAs1jd?format=jpg&name=large;https://pbs.twimg.com/media/DtkY81oUcAEyx1k?format=jpg&name=large',	'핫트랙스 합정점',	GeomFromText('POINT(126.912061257921 37.5500497954747)', SRID(point)),	0,	1,	'181204 JCC 쟈씨씨 EP.2 I\'m going to buy NCT 127\'s NEW album 촬영장소',	'20181204'),
(373,	'2023-04-20 21:41:50',	NULL,	'경기 광주시 도척면 도척윗로 278',	'이 장소에 대한 정보가 따로 없어요. 정보를 추가하고 싶다면 히어시티 SNS로 해당 장소에 대한 설명을 보내주세요:)',	'https://pbs.twimg.com/media/DtwMgAoV4AAZk0Y?format=jpg&name=900x900;https://pbs.twimg.com/media/DtwMg3sVYAAw5Ij?format=jpg&name=medium',	'곤지암리조트 스키장',	GeomFromText('POINT(127.296374133837 37.3375066021117)', SRID(point)),	0,	2,	'160227 SMROOKIES APP 텐, 유타, 도영, 쟈니',	'20160227'),
(374,	'2023-04-20 21:41:50',	NULL,	'서울 강남구 삼성로 605',	'이 장소에 대한 정보가 따로 없어요. 정보를 추가하고 싶다면 히어시티 SNS로 해당 장소에 대한 설명을 보내주세요:)',	'https://pbs.twimg.com/media/DtEp1JvUcAELh5w?format=jpg&name=medium',	'스타벅스 삼성현대힐점',	GeomFromText('POINT(127.052717611728 37.5134844497251)', SRID(point)),	0,	1,	'171125 127공계 쟈니',	'20171125'),
(375,	'2023-04-20 21:41:50',	NULL,	'서울 양천구 목동서로 49',	'이 장소에 대한 정보가 따로 없어요. 정보를 추가하고 싶다면 히어시티 SNS로 해당 장소에 대한 설명을 보내주세요:)',	'https://pbs.twimg.com/media/DrovkUQVsAA5zRW?format=jpg&name=medium',	'목동우동',	GeomFromText('POINT(126.880503914142 37.5370742706805)', SRID(point)),	0,	1,	'181110 팬싸 태용추천 맛집',	'20181110'),
(376,	'2023-04-20 21:41:50',	NULL,	'서울 서초구 서초대로 397',	'깨알정보: 드라마, 뮤비 촬영지로 유명한 건물. 건물 옥상에서 촬영하였음.',	'https://pbs.twimg.com/media/Dn7fwzQU8AET7Dq?format=jpg&name=large',	'부띠크모나코',	GeomFromText('POINT(127.024516764632 37.4974340616184)', SRID(point)),	0,	1,	'NCT 127 \'Regular_Irregular\' 자켓 촬영장소',	'20180925'),
(377,	'2023-04-20 21:41:50',	NULL,	'경기 구리시 검배로6번길 7',	'이 장소에 대한 정보가 따로 없어요. 정보를 추가하고 싶다면 히어시티 SNS로 해당 장소에 대한 설명을 보내주세요:)',	'https://pbs.twimg.com/media/DpSknhAU4AAvl0O?format=jpg&name=large',	'짱오락실 구리돌다리점',	GeomFromText('POINT(127.141206385629 37.6000607564335)', SRID(point)),	0,	2,	'NCT 127 \'Regular (Korean Ver.)\' MV 촬영장소',	'20181012'),
(378,	'2023-04-20 21:41:50',	NULL,	'경기 구리시 수택동',	'이 장소에 대한 정보가 따로 없어요. 정보를 추가하고 싶다면 히어시티 SNS로 해당 장소에 대한 설명을 보내주세요:)',	'https://postfiles.pstatic.net/MjAyMzAzMzBfMjQ1/MDAxNjgwMTc2NDYxOTcz._ApJY4A8rEnH9p-Z4HRrUlIAeHioP-7koI44HpOABbog.eDtBZbIZlnTDQscIWwtSa5YrNCGwKrwkPRIGQdSFeeMg.PNG.nct2020nana/%EC%82%AC%EC%A7%84%EC%97%86%EC%A0%9C%EB%85%B8.png?type=w966',	'돌다리곱창골목',	GeomFromText('POINT(127.149171916297 37.5965169131568)', SRID(point)),	0,	2,	'180602 엔나나 도영추천 시즈니투어장소',	'20180602'),
(379,	'2023-04-20 21:41:50',	NULL,	'경기 파주시 탄현면 필승로 398-30',	'이 장소에 대한 정보가 따로 없어요. 정보를 추가하고 싶다면 히어시티 SNS로 해당 장소에 대한 설명을 보내주세요:)',	'https://pbs.twimg.com/media/DpD0dYYU4AE_HJE?format=jpg&name=4096x4096',	'카트랜드',	GeomFromText('POINT(126.684547959927 37.777492994196)', SRID(point)),	0,	2,	'NCT 127 \'Regular (Korean Ver.)\' MV 촬영장소',	'20181012'),
(380,	'2023-04-20 21:41:50',	NULL,	'경기 파주시 탄현면 엘지로 697 자유로 자동차극장',	'낭만과 추억이 있는 자유로 드라이브 코스의 자동차 복합 문화 공간',	'https://pbs.twimg.com/media/DqgKbMjX4AA1lLr?format=jpg&name=large',	'자유로자동차극장',	GeomFromText('POINT(126.735477608825 37.8347234065486)', SRID(point)),	0,	2,	'NCT 127 \'Regular (Korean Ver.)\' MV 촬영장소',	'20181012'),
(381,	'2023-04-20 21:41:50',	NULL,	'서울 성동구 성수이로7길 39',	'성수동카페 멜로워 빵이 정말 맛있는 곳',	'https://pbs.twimg.com/media/DqkTiyaUcAELZRL?format=jpg&name=large',	'멜로워 성수 더 플래그쉽',	GeomFromText('POINT(127.053233219739 37.5425331453144)', SRID(point)),	0,	1,	'NCT 127 \'Regular (Korean Ver.)\' MV 촬영 중 휴식장소',	'20181012'),
(382,	'2023-04-20 21:41:50',	NULL,	'강원 강릉시 옥계면 금진리',	'깨끗하고 넓은 백사장과 수온이 따뜻한 해수욕장. 개장기간 : 매년 7~8월 중',	'https://pbs.twimg.com/media/Dqft5k4WkAA7jLI?format=jpg&name=large;https://pbs.twimg.com/media/Dqft7VbW4AAYZ1S?format=jpg&name=large',	'옥계해변',	GeomFromText('POINT(129.038063204361 37.6418950199352)', SRID(point)),	0,	8,	'NCT DREAM \'We Go Up\' MV 촬영장소',	'20180830'),
(383,	'2023-04-20 21:41:50',	NULL,	'강원 강릉시 남항진동',	'이 장소에 대한 정보가 따로 없어요. 정보를 추가하고 싶다면 히어시티 SNS로 해당 장소에 대한 설명을 보내주세요:)',	'https://pbs.twimg.com/media/DqMl2UVWkAAMaAg?format=jpg&name=medium',	'남항진해변',	GeomFromText('POINT(128.955571119742 37.758851776629)', SRID(point)),	0,	8,	'[NCT LIFE MINI] NCT 127 \'2017 첫 해돋이\'',	'20170102'),
(384,	'2023-04-20 21:41:50',	NULL,	'강원 강릉시 공항길127번길 35-7',	'강릉 남항진 바다뷰 카페. 깨알정보: 신기하게도 주소가 공항길 \'127\'번길…! 127은 운명인 것이야..',	'https://pbs.twimg.com/media/DqMlz8rWsAI1-Jf?format=jpg&name=large',	'패스웨이커피',	GeomFromText('POINT(128.951425545369 37.7670034311141)', SRID(point)),	0,	8,	'[NCT LIFE MINI] NCT 127 \'2017 첫 해돋이\'',	'20170102'),
(385,	'2023-04-20 21:41:50',	NULL,	'충남 공주시 반포면 동학사1로 327-6',	'능선의 모양이 닭볏을 쓴 용의 형상을 닮았다 하여 계룡산으로 불림. 여러 코스가 있는데 보통 3-4시간 소요.',	'https://pbs.twimg.com/media/DoCU9IoUwAAIC4v?format=jpg&name=large',	'계룡산',	GeomFromText('POINT(127.232560223876 36.3566274485516)', SRID(point)),	0,	6,	'170927 스타들이 꼽은 내 인생의 여행지_태용 추천',	'20170927'),
(386,	'2023-04-20 21:41:50',	NULL,	'서울 종로구 종로 272 동대문종합시장 신관',	'해찬이의 팔찌 만들기',	'https://pbs.twimg.com/media/Dnnwnj4UwAANPTL?format=jpg&name=large',	'동대문종합시장',	GeomFromText('POINT(127.008091407146 37.5708187075358)', SRID(point)),	0,	1,	'DREAM Challenge 해찬편 촬영장소',	'20180921'),
(387,	'2023-04-20 21:41:50',	NULL,	'서울 영등포구 여의공원로 68 여의도공원관리사무소',	'이 장소에 대한 정보가 따로 없어요. 정보를 추가하고 싶다면 히어시티 SNS로 해당 장소에 대한 설명을 보내주세요:)',	'https://pbs.twimg.com/media/Dmlb100U0AENSef?format=jpg&name=large',	'여의도공원',	GeomFromText('POINT(126.922284053463 37.5268088229325)', SRID(point)),	0,	1,	'180313 연예가중계 NCT 127편 촬영장소',	'20180313'),
(388,	'2023-04-20 21:41:50',	NULL,	'서울 종로구 계동길 37 북촌문화센터',	'이 장소에 대한 정보가 따로 없어요. 정보를 추가하고 싶다면 히어시티 SNS로 해당 장소에 대한 설명을 보내주세요:)',	'https://pbs.twimg.com/media/DcrxCsKUwAAgnY8?format=jpg&name=large',	'북촌 한옥마을',	GeomFromText('POINT(126.986276109794 37.5790883269606)', SRID(point)),	0,	1,	'NCT 127 ROAD TO JAPAN #8 촬영장소',	'20180401'),
(389,	'2023-04-20 21:41:50',	NULL,	'서울 강남구 영동대로 513',	'깨알정보: 옥상 주차장에서 촬영하였음',	'https://pbs.twimg.com/media/DlxgyjnUcAIV24A?format=jpg&name=4096x4096',	'코엑스',	GeomFromText('POINT(127.059159043842 37.5118239121138)', SRID(point)),	0,	1,	'NCT DREAM \'We Go Up\' MV 촬영장소',	'20180830'),
(390,	'2023-04-20 21:41:50',	NULL,	'서울 성동구 성수이로 58 1층 HUMBOLT',	'성수동 디저트 베이커리가 유명한 카페',	'https://pbs.twimg.com/media/DmAOnXsVsAUDQY7?format=jpg&name=large',	'훔볼트',	GeomFromText('POINT(127.055602663956 37.5400995344191)', SRID(point)),	0,	1,	'180901 NCT공계 텐&쿤',	'20180901'),
(391,	'2023-04-20 21:41:50',	NULL,	'서울 송파구 올림픽로 300 롯데월드몰 3층',	'축구, 야구, 양궁, 볼링, 액션레이싱, 캔디슬래시, 컬링, FPS, 클레이사격 등 10여종의 다양한 스크린스포츠가 한 곳에! 깨알정보: 엔시티가 간 명동점이 영업을 종료한 관계로 잠실롯데월드몰에 위치한 지점으로 안내드릴게요.',	'https://pbs.twimg.com/media/DhpnJbtU0AAPekd?format=jpg&name=large',	'레전드히어로즈 잠실롯데월드몰점',	GeomFromText('POINT(127.104446890835 37.5137519612953)', SRID(point)),	0,	1,	'Hot&Young 서울여행 촬영장소',	'20180709'),
(392,	'2023-04-20 21:41:50',	NULL,	'서울 광진구 자양동 563-1',	'이 장소에 대한 정보가 따로 없어요. 정보를 추가하고 싶다면 히어시티 SNS로 해당 장소에 대한 설명을 보내주세요:)',	'https://pbs.twimg.com/media/Di7QCfgXcAAfh-R?format=jpg&name=large',	'서울시윈드서핑장',	GeomFromText('POINT(127.078958672359 37.5268014213272)', SRID(point)),	0,	1,	'Hot&Young 서울여행 촬영장소',	'20180725'),
(393,	'2023-04-20 21:41:50',	NULL,	'대구 중구 큰장로26길 25',	'드림이 잠옷 구매한 가게. 서문시장 2지구 2층에 위치',	'https://postfiles.pstatic.net/MjAyMzAzMzBfMjQ1/MDAxNjgwMTc2NDYxOTcz._ApJY4A8rEnH9p-Z4HRrUlIAeHioP-7koI44HpOABbog.eDtBZbIZlnTDQscIWwtSa5YrNCGwKrwkPRIGQdSFeeMg.PNG.nct2020nana/%EC%82%AC%EC%A7%84%EC%97%86%EC%A0%9C%EB%85%B8.png?type=w966',	'성원사',	GeomFromText('POINT(128.579531346148 35.8688146731471)', SRID(point)),	0,	4,	'대한민국 동행세일 드림 대구방문',	'20200701'),
(394,	'2023-04-20 21:41:50',	NULL,	'서울 중구 퇴계로20길 71 1층 목멱산방',	'자연과 함께 맛보는 비빔밥',	'https://pbs.twimg.com/media/Dj4jdlSU0AAmdwW?format=jpg&name=large',	'목멱산방',	GeomFromText('POINT(126.986887946092 37.5581161015051)', SRID(point)),	0,	1,	'Hot&Young 서울여행 촬영장소',	'20180725'),
(395,	'2023-04-20 21:41:51',	NULL,	'서울 종로구 돈화문로11다길 40',	'익선동핫플 방콕 분위기 물씬나는 태국요리맛집',	'https://pbs.twimg.com/media/DkNmMR2U0AA-p2W?format=jpg&name=large',	'치앙마이방콕',	GeomFromText('POINT(126.989955437848 37.5737987788788)', SRID(point)),	0,	1,	'Hot&Young 서울여행 촬영장소',	'20180725'),
(396,	'2023-04-20 21:41:51',	NULL,	'서울 마포구 신정동',	'이 장소에 대한 정보가 따로 없어요. 정보를 추가하고 싶다면 히어시티 SNS로 해당 장소에 대한 설명을 보내주세요:)',	'https://pbs.twimg.com/media/DlVPh7XUwAAB0UV?format=jpg&name=900x900',	'봉원교 다리 밑',	GeomFromText('POINT(126.930332866478 37.5431615999641)', SRID(point)),	0,	1,	'SMROOKIES SR14B \'SUPER MOON\' 촬영장소',	'20140825'),
(397,	'2023-04-20 21:41:51',	NULL,	'서울 용산구 한강대로98가길 7',	'60년 된 오래된 교회 건물을 리모델링한 공간으로 다양한 촬영과 브랜드 행사 및 전시가 이루어지는 곳. 깨알정보: 쟈니 도영 재현이 촬영한 한남점이 영업을 종료한 관계로 용산점으로 안내해드릴게요.',	'https://pbs.twimg.com/media/Dk8h0M_U0AEZj-l?format=jpg&name=medium',	'플러스준스튜디오 용산',	GeomFromText('POINT(126.973249159023 37.5480003670405)', SRID(point)),	0,	1,	'ARENA HOMME+ 2018 6월호 (쟈니, 도영, 재현)',	'20180601'),
(398,	'2023-04-20 21:41:51',	NULL,	'경기 파주시 산남로 5-60',	'이 장소에 대한 정보가 따로 없어요. 정보를 추가하고 싶다면 히어시티 SNS로 해당 장소에 대한 설명을 보내주세요:)',	'https://pbs.twimg.com/media/DlXp8jnUYAAzCdy?format=jpg&name=large',	'스튜디오 비바체',	GeomFromText('POINT(126.691786929706 37.7070767221668)', SRID(point)),	0,	2,	'NCT 2018 엘리트교복 광고 촬영장소',	'20180711'),
(399,	'2023-04-20 21:41:51',	NULL,	'서울 용산구 신흥로20길 45-1 1층',	'로맨틱 야경이 너무 멋진 수제 햄버거집',	'https://pbs.twimg.com/media/DlBX9UiU0AAzPlU?format=jpg&name=large;https://pbs.twimg.com/media/DlBX9_rVsAAMsv3?format=jpg&name=4096x4096',	'더백푸드트럭',	GeomFromText('POINT(126.984043226495 37.5475272223767)', SRID(point)),	0,	1,	'180818,180820 127공계 햄버거집',	'20180818'),
(400,	'2023-04-20 21:41:51',	NULL,	'경기 고양시 일산동구 무궁화로 159 저동중학교',	'이 장소에 대한 정보가 따로 없어요. 정보를 추가하고 싶다면 히어시티 SNS로 해당 장소에 대한 설명을 보내주세요:)',	'https://pbs.twimg.com/media/DjrBwLPUcAEygMg?format=jpg&name=large',	'저동중학교',	GeomFromText('POINT(126.777912341808 37.6707385454635)', SRID(point)),	0,	2,	'NCT DREAM \'마지막 첫사랑 (My First and Last)\' MV 촬영장소',	'20170209'),
(401,	'2023-04-20 21:41:51',	NULL,	'경기 고양시 일산서 킨텍스로 217-25',	'이 장소에 대한 정보가 따로 없어요. 정보를 추가하고 싶다면 히어시티 SNS로 해당 장소에 대한 설명을 보내주세요:)',	'https://pbs.twimg.com/media/DjhuAivU8AAbZLt?format=jpg&name=large,https://pbs.twimg.com/media/Djht_0GVAAAxwcc?format=jpg&name=large',	'킨텍스캠핑장',	GeomFromText('POINT(126.73969294266 37.6631279408281)', SRID(point)),	0,	2,	'식량일기 닭볶음탕편 촬영장소 (태용 출연)',	'20180530'),
(402,	'2023-04-20 21:41:51',	NULL,	'경기 양평군 서종면 명달리',	'이 장소에 대한 정보가 따로 없어요. 정보를 추가하고 싶다면 히어시티 SNS로 해당 장소에 대한 설명을 보내주세요:)',	'https://pbs.twimg.com/media/DjlXn4DV4AUTu1Z?format=jpg&name=large',	'명달계곡',	GeomFromText('POINT(127.450264321149 37.6183561707626)', SRID(point)),	0,	2,	'식량일기 닭볶음탕편 촬영장소 (태용 출연)',	'20180801'),
(403,	'2023-04-20 21:41:51',	NULL,	'서울 중구 다동길 30',	'깨알정보: 엔시티가 촬영한 곳은 호텔 루프탑 글램핑장',	'https://pbs.twimg.com/media/DhpifWKUcAAwaTv?format=jpg&name=large',	'에이퍼스트호텔',	GeomFromText('POINT(126.980922766418 37.567641254011)', SRID(point)),	0,	1,	'Hot&Young 서울여행 촬영장소',	'20180725'),
(404,	'2023-04-20 21:41:51',	NULL,	'서울 성동구 왕십리로 83-21 디뮤지엄',	'일상을 새롭게 디자인하는 복합 문화 예술 플랫폼',	'https://pbs.twimg.com/media/DjKw7vOUUAAuJ4u?format=jpg&name=large',	'디뮤지엄',	GeomFromText('POINT(127.043357753557 37.5441547484979)', SRID(point)),	0,	1,	'[N\'-45] JJDATE 재쟈데이트 촬영장소',	'20180714'),
(405,	'2023-04-20 21:41:51',	NULL,	'서울 종로구 자하문로4길 21 대림미술관',	'‘In Everyday Life’ 일상이 예술이 되는 미술관',	'https://pbs.twimg.com/media/DiDIIe2UEAAzInV?format=jpg&name=small',	'대림미술관',	GeomFromText('POINT(126.973363701206 37.5775038838066)', SRID(point)),	0,	1,	'[N\'-45] JJDATE 재쟈데이트 촬영장소',	'20180714'),
(406,	'2023-04-20 21:41:51',	NULL,	'서울 용산구 이태원로 294 블루스퀘어 3층 북파크라운지',	'하루 9900원에 하루종일 편안한 소파 좌석에서 카페음료 1종과 함께 다양한 도서를 즐길 수 있는 북카페',	'https://pbs.twimg.com/media/Dgs9-z6V4AELXE3?format=jpg&name=large',	'북파크라운지',	GeomFromText('POINT(127.00248525561 37.5408694385607)', SRID(point)),	0,	1,	'[N\'-45] JJDATE 재쟈데이트 촬영장소',	'20180627'),
(407,	'2023-04-20 21:41:51',	NULL,	'서울 용산구 이태원로 241 (한남동) 비이커 한남 플래그쉽스토어',	'이 장소에 대한 정보가 따로 없어요. 정보를 추가하고 싶다면 히어시티 SNS로 해당 장소에 대한 설명을 보내주세요:)',	'https://pbs.twimg.com/media/DiDD-_uUYAA-2YR?format=jpg&name=large;https://pbs.twimg.com/media/DiDD_pfV4AAAw42?format=jpg&name=large',	'비이커 한남점',	GeomFromText('POINT(126.999917064769 37.5366378271487)', SRID(point)),	0,	1,	'[N\'-45] JJDATE 재쟈데이트 촬영장소',	'20180714'),
(408,	'2023-04-20 21:41:51',	NULL,	'서울 용산구 이태원로54길 31',	'이태원 한남동 포토존이 유명한 카페',	'https://pbs.twimg.com/media/DiC8mdWU8AAoacw?format=jpg&name=large;https://pbs.twimg.com/media/DiC8l0hUcAAm-6u?format=jpg&name=large',	'원인어밀리언',	GeomFromText('POINT(127.001950855071 37.5370310977791)', SRID(point)),	0,	1,	'[N\'-45] JJDATE 재쟈데이트 촬영장소',	'20180714'),
(409,	'2023-04-20 21:41:51',	NULL,	'서울 강남구 도산대로102길 5 1층',	'깨알정보: 지점이 많아서 청담점으로 안내드릴게요.',	'https://postfiles.pstatic.net/MjAyMzAzMzBfMjQ1/MDAxNjgwMTc2NDYxOTcz._ApJY4A8rEnH9p-Z4HRrUlIAeHioP-7koI44HpOABbog.eDtBZbIZlnTDQscIWwtSa5YrNCGwKrwkPRIGQdSFeeMg.PNG.nct2020nana/%EC%82%AC%EC%A7%84%EC%97%86%EC%A0%9C%EB%85%B8.png?type=w966',	'장독대 김치찌개 청담점',	GeomFromText('POINT(127.053064320632 37.5243847204375)', SRID(point)),	0,	1,	'180327 여의도팬싸 제노추천 맛집',	'20180323'),
(410,	'2023-04-20 21:41:51',	NULL,	'울산 동구 상진길 111',	'이 장소에 대한 정보가 따로 없어요. 정보를 추가하고 싶다면 히어시티 SNS로 해당 장소에 대한 설명을 보내주세요:)',	'https://pbs.twimg.com/media/Dix-qt6U0AAGExb?format=jpg&name=large',	'상진방파제 근처',	GeomFromText('POINT(129.419117139275 35.482480402455)', SRID(point)),	0,	13,	'180723 NCT 127 V LIVE 브이앱 \'바다같이볼래???\'',	'20180723'),
(411,	'2023-04-20 21:41:51',	NULL,	'서울 종로구 청계천로 279',	'5성급 호텔. Travellers\' Choice Best of the Best 2020',	'https://pbs.twimg.com/media/DijhFmYUwAEfoBa?format=jpg&name=large',	'JW 메리어트 동대문 스퀘어 서울',	GeomFromText('POINT(127.008743829151 37.5704485321397)', SRID(point)),	0,	1,	'ARENA HOMME+ 2018 6월호 (텐, 태용, 지성)',	'20180601'),
(412,	'2023-04-20 21:41:51',	NULL,	'서울 중구 다산로35길 5',	'신당동 떡볶이 타운 즉석 떡볶이 맛집',	'https://postfiles.pstatic.net/MjAyMzAzMzBfMTkx/MDAxNjgwMTc4NDk0NTAx.SPeWR4vvZxp1MSd0pcLkWs05Rov6uzCNXp-qAKf4Vicg.rGa6killvyF91qOLseLNEk1P-LiSyDMOC86jw3e-2C0g.PNG.nct2020nana/%EC%8A%A4%ED%81%AC%EB%A6%B0%EC%83%B7(53).png?type=w966',	'마복림떡볶이',	GeomFromText('POINT(127.015097873696 37.5632099202031)', SRID(point)),	0,	1,	'[N\'-44] 00+00+00+00=LOVE',	'20180706'),
(413,	'2023-04-20 21:41:51',	NULL,	'서울 중구 을지로 281 DDP B2층 어울림광장',	'이 장소에 대한 정보가 따로 없어요. 정보를 추가하고 싶다면 히어시티 SNS로 해당 장소에 대한 설명을 보내주세요:)',	'https://postfiles.pstatic.net/MjAyMzAzMzBfMjQ1/MDAxNjgwMTc2NDYxOTcz._ApJY4A8rEnH9p-Z4HRrUlIAeHioP-7koI44HpOABbog.eDtBZbIZlnTDQscIWwtSa5YrNCGwKrwkPRIGQdSFeeMg.PNG.nct2020nana/%EC%82%AC%EC%A7%84%EC%97%86%EC%A0%9C%EB%85%B8.png?type=w966',	'카카오프렌즈 DDP점',	GeomFromText('POINT(127.010890355484 37.5680445876689)', SRID(point)),	0,	1,	'[N\'-44] 00+00+00+00=LOVE',	'20180706'),
(414,	'2023-04-20 21:41:51',	NULL,	'경기 파주시 소라지로327번길 126-20',	'이 장소에 대한 정보가 따로 없어요. 정보를 추가하고 싶다면 히어시티 SNS로 해당 장소에 대한 설명을 보내주세요:)',	'https://pbs.twimg.com/media/DiYV-N-U8AAo04P?format=jpg&name=large',	'파주 한옥마을 살림채 펜션',	GeomFromText('POINT(126.688749495495 37.7546242361555)', SRID(point)),	0,	2,	'NCT LIFE 단합대회편 촬영장소',	'20180718'),
(415,	'2023-04-20 21:41:51',	NULL,	'서울 중구 장충단로 60',	'미쉐린 가이드 서울 2023. 깨알정보: 데뷔 50일차.. 풋풋상큼정우의 생애 첫 개인스케줄이 이뤄진 곳.',	'https://pbs.twimg.com/media/Dh991nQVQAA7wmr?format=jpg&name=large;https://pbs.twimg.com/media/Dh993j-V4AAjZAy?format=jpg&name=medium',	'페스타 바이 민구',	GeomFromText('POINT(127.000497474349 37.5500710078051)', SRID(point)),	0,	1,	'[네이버 x 디스패치] 화이트데이 특집 정우편 촬영장소',	'20180327'),
(416,	'2023-04-20 21:41:51',	NULL,	'서울 강남구 압구정동 507',	'이 장소에 대한 정보가 따로 없어요. 정보를 추가하고 싶다면 히어시티 SNS로 해당 장소에 대한 설명을 보내주세요:)',	'https://pbs.twimg.com/media/Dh-8sxnVQAIvhs7?format=jpg&name=large;https://pbs.twimg.com/media/Dh-8rwAUYAAFwIv?format=jpg&name=large',	'압구정나들목',	GeomFromText('POINT(127.042239359947 37.5305907738308)', SRID(point)),	0,	1,	'EXO902014 SMROOKIES',	'20140930'),
(417,	'2023-04-20 21:41:51',	NULL,	'서울 중구 남대문로 6-4',	'카메라 거리의 중심부 대로변에 위치하고 있는 오랜 역사와 전통을 자랑하는 카메라업체',	'https://pbs.twimg.com/media/Dhu3ZeBVMAAqnHw?format=jpg&name=900x900',	'후지필름 디지탈창신',	GeomFromText('POINT(126.976605404368 37.5604031344335)', SRID(point)),	0,	1,	'171010 127공계 쟈니',	'20171010'),
(418,	'2023-04-20 21:41:51',	NULL,	'서울 강남구 도산대로15길 39',	'신사동 c27 가로수길 카페 추천 다양한 치즈케이크',	'https://pbs.twimg.com/media/Dhe0J-tUYAACX3o?format=jpg&name=medium',	'C27 가로수길점',	GeomFromText('POINT(127.023245102186 37.5207347511749)', SRID(point)),	0,	1,	'170731 SMROOKIES 공계',	'20170731'),
(419,	'2023-04-20 21:41:51',	NULL,	'서울 강남구 도산대로81길 55',	'이 장소에 대한 정보가 따로 없어요. 정보를 추가하고 싶다면 히어시티 SNS로 해당 장소에 대한 설명을 보내주세요:)',	'https://pbs.twimg.com/media/DhU21MUUYAAOhB2?format=jpg&name=900x900;https://pbs.twimg.com/media/DhU21qYVMAA7nn9?format=jpg&name=large',	'더베이커',	GeomFromText('POINT(127.045507513455 37.5272390049644)', SRID(point)),	0,	1,	'엔시티 추천 쿠키맛집',	'20180705'),
(420,	'2023-04-20 21:41:51',	NULL,	'서울 강남구 봉은사로 524 코엑스몰 B1 I109',	'코엑스카페 클로리스 정말 맛있는 밀크티 홍차 맛집',	'https://pbs.twimg.com/media/Dhl-7iSU8AYx9fV?format=jpg&name=medium;https://pbs.twimg.com/media/Dhoi8LrUcAAyMJi?format=jpg&name=medium;https://pbs.twimg.com/media/Dhl-8UpU8AA_Z4z?format=jpg&name=medium',	'클로리스 코엑스몰점',	GeomFromText('POINT(127.057250899584 37.5128320848839)', SRID(point)),	0,	1,	'160307 SMROOKIES APP',	'20160307'),
(421,	'2023-04-20 21:41:51',	NULL,	'서울 서초구 서초대로77길 54 2층 하이디라오 훠궈',	'설명이 뭐가 필요할까요.. 엔시티도 시즈니도 사랑하는 하이디라오… 하이디라오에 가면 무조건 시즈니 한 명은 볼 수 있다고..',	'https://pbs.twimg.com/media/DhRGhceUYAA7lkK?format=jpg&name=medium;https://pbs.twimg.com/media/DhROXIlVAAAVfZ_?format=jpg&name=medium;https://pbs.twimg.com/media/EXVtbPXUEAEiGuS?format=jpg&name=900x900',	'하이디라오 서초지점',	GeomFromText('POINT(127.024816900875 37.5025798250034)', SRID(point)),	0,	1,	'엔시티도 시즈니도 사랑하는…',	'20190703'),
(422,	'2023-04-20 21:41:51',	NULL,	'서울 광진구 능동로 110 스타시티 영존 A동 2F',	'설명이 뭐가 필요할까요.. 엔시티도 시즈니도 사랑하는 하이디라오… 하이디라오에 가면 무조건 시즈니 한 명은 볼 수 있다고..',	'',	'하이디라오 건대지점',	GeomFromText('POINT(127.07141185507 37.540657941434)', SRID(point)),	0,	1,	'엔시티도 시즈니도 사랑하는…',	'20190703'),
(423,	'2023-04-20 21:41:51',	NULL,	'서울 종로구 북촌로5가길 8-11',	'삼청동에 있는 초상화 그려주는 카페. 깨알정보: 드라마 <도깨비>촬영장소이기도 하다.',	'https://pbs.twimg.com/media/Dg6wKcYUYAAXPLS?format=jpg&name=large;https://pbs.twimg.com/media/Dg6wLgSVAAA4etr?format=jpg&name=large',	'커피방앗간',	GeomFromText('POINT(126.982478672225 37.580326330645)', SRID(point)),	0,	1,	'SMROOKIES_[RookieStation Ep.6] CHUSEOK GREETINGS 촬영장소',	'20140916'),
(424,	'2023-04-20 21:41:51',	NULL,	'서울 용산구 이태원로 217 현대안성타워 1층',	'연중무휴 24시간 운영하는 이태원 볼링장',	'https://pbs.twimg.com/media/Dg_aweUUwAAtLgH?format=jpg&name=large;https://pbs.twimg.com/media/Dg_aydCUYAAcXcA?format=jpg&name=large',	'어썸라운지볼24',	GeomFromText('POINT(126.997906520276 37.535176385593)', SRID(point)),	0,	1,	'180626 NCT공계 재민(with 천러, 지성)',	'20180626'),
(425,	'2023-04-20 21:41:51',	NULL,	'서울 중구 퇴계로34길 28 남산골한옥마을',	'일상 속의 우리 문화, 전통예술과 현대예술의 즐거운 만남을 만드는 곳',	'https://pbs.twimg.com/media/DhAbbwkUcAAw2DI?format=jpg&name=large',	'남산골한옥마을',	GeomFromText('POINT(126.994738735334 37.5595422700067)', SRID(point)),	0,	1,	'SMROOKIES_[RookieStation Ep.6] CHUSEOK GREETINGS 촬영장소',	'20140916'),
(426,	'2023-04-20 21:41:51',	NULL,	'서울 용산구 녹사평대로 168-6 GS편의점 좌측 골목 노란건물 1층',	'맛 모두 여러분을 사로잡을 이태원 브런치 맛집',	'https://pbs.twimg.com/media/Dzl3XCdV4AARoj2?format=jpg&name=large',	'버뮤다 바',	GeomFromText('POINT(126.989357050611 37.5332553510698)', SRID(point)),	0,	1,	'170521 SMROOKIES 공계',	'20170521'),
(427,	'2023-04-20 21:41:51',	NULL,	'서울 마포구 희우정로10길 9 1층',	'밀\'로 완성한 \'식사\'(meal). 깨알정보: 뮤비 촬영 당시에 운영하던 베이커리 \'오브니\'는 영업을 종료하였으나, 같은 인테리어를 그대로 이어받아 베이커리 \'밀로밀\'이 운영 중입니다.',	'https://pbs.twimg.com/media/Dgi1zELUEAAEQmg?format=jpg&name=small',	'밀로밀',	GeomFromText('POINT(126.904498558292 37.5528762980626)', SRID(point)),	0,	1,	'도영 X 세정 \'별빛이 피면 (Star Blossom)\' MV 촬영장소',	'20171013'),
(428,	'2023-04-20 21:41:51',	NULL,	'경기 가평군 설악면 한서로268번길 157',	'호텔, 가든, 카페, 갤러리, 수영장, 골프장, 스파 등 힐링을 위한 다양한 컨텐츠들을 즐길 수 있는 복합문화공간 리조트',	'https://pbs.twimg.com/media/DggAd1qUwAAPjfx?format=jpg&name=medium;https://pbs.twimg.com/media/DggAeuPUcAA2o_W?format=jpg&name=medium;https://pbs.twimg.com/media/DggAfapUwAAu1Qf?format=jpg&name=medium;https://pbs.twimg.com/media/DggAgDZUcAERvN_?format=jpg&name=medium',	'더스테이힐링파크',	GeomFromText('POINT(127.524379221828 37.6618076570654)', SRID(point)),	0,	2,	'[네이버 x 디스패치] NCT 여름휴가편 촬영장소',	'20180625'),
(429,	'2023-04-20 21:41:51',	NULL,	'서울 마포구 와우산로 136',	'스털링 실버 주얼리 전문 브랜드',	'https://pbs.twimg.com/media/DgCvmr2UwAAKUpm?format=jpg&name=large;https://pbs.twimg.com/media/DgCvnbmVAAEgOnG?format=jpg&name=large',	'킹크로치 하이브',	GeomFromText('POINT(126.928571457512 37.5535229319765)', SRID(point)),	0,	1,	'NCT 127 BOY VIDEO 태일, 쟈니, 태용 촬영장소',	'20170731'),
(430,	'2023-04-20 21:41:51',	NULL,	'서울 마포구 연희로 29-1 대로변 1층',	'연남동 수제버거 맛집. 깨알정보: 태일은 헬버거, 태용은 맥앤치즈로제, 쟈니는 멕시칸슈퍼디럭스버거를 먹었다.',	'https://pbs.twimg.com/media/DZq-100UQAA9lNE?format=jpg&name=large',	'뉴스보이버거펍',	GeomFromText('POINT(126.926833799612 37.5615497524782)', SRID(point)),	0,	1,	'NCT 127 BOY VIDEO 태일, 쟈니, 태용 촬영장소',	'20170731'),
(431,	'2023-04-20 21:41:51',	NULL,	'강원 평창군 봉평면 태기로 174',	'푸른 숲과 상쾌한 공기, 건강한 즐거움이 가득한 휘닉스 평창',	'https://pbs.twimg.com/media/DgSVVWtU0AEIJy1?format=jpg&name=large',	'휘닉스 평창',	GeomFromText('POINT(128.32686775943 37.5824634130301)', SRID(point)),	0,	8,	'2018 SMTOWN 워크샵',	'20180622'),
(432,	'2023-04-20 21:41:51',	NULL,	'서울 영등포구 영중로4길 13-1',	'깨알정보: 유타는 크림치즈피자, 재현이는 매콤불고기피자, 마크는 페페로니 피자를 먹었다. 멤버들이 방문한 지점이 영업을 종료한 관계로 본점으로 안내해드릴게요.',	'https://pbs.twimg.com/media/Dcq_rhuU0AAcuBO?format=jpg&name=large',	'마피아피자&펍',	GeomFromText('POINT(126.907860914293 37.517579935091)', SRID(point)),	0,	1,	'NCT 127 BOY VIDEO 유타, 재현, 마크 촬영장소',	'20170731'),
(433,	'2023-04-20 21:41:51',	NULL,	'서울 마포구 동교로 39 2층',	'CAFE/BAR + ART SPACE',	'https://pbs.twimg.com/media/DaCZ35SVwAAbz7G?format=jpg&name=large',	'아이다호',	GeomFromText('POINT(126.906605671819 37.5527760806904)', SRID(point)),	0,	1,	'NCT 127 BOY VIDEO 유타, 재현, 마크 촬영장소',	'20170731'),
(434,	'2023-04-20 21:41:51',	NULL,	'서울 마포구 와우산로26길 66',	'홍대 티셔츠 커스텀샵',	'https://pbs.twimg.com/media/DbMTChgVQAA0Hww?format=jpg&name=large',	'소품',	GeomFromText('POINT(126.928593881794 37.5533869849765)', SRID(point)),	0,	1,	'NCT 127 BOY VIDEO 태일, 쟈니, 태용 촬영장소',	'20170731'),
(435,	'2023-04-20 21:41:51',	NULL,	'서울 중구 삼일대로 308 조양빌딩본관 1층',	'HAWAII TO SEOUL\' 스페셜티 커피 브랜드 루프트 커피. 멤버들이 방문한 합정점이 영업을 종료한 관계로 명동점으로 안내드릴게요.',	'https://pbs.twimg.com/media/DbMTq3ZVMAARKQk?format=jpg&name=large',	'루프트 커피 명동',	GeomFromText('POINT(126.989281754738 37.5621114535549)', SRID(point)),	0,	1,	'NCT 127 BOY VIDEO 태일, 쟈니, 태용 촬영장소',	'20170731'),
(436,	'2023-04-20 21:41:51',	NULL,	'서울 성동구 왕십리로8길 7 1층',	'스테이크 전문점. 멤버들이 방문한 지점이 영업을 종료한 관계로 서울숲점으로 안내드릴게요.',	'https://pbs.twimg.com/media/Df5ZXUBUwAA-rEW?format=jpg&name=medium',	'더블핸스테이크 서울숲점',	GeomFromText('POINT(127.045733847696 37.5464407681252)', SRID(point)),	0,	1,	'160630 SMROOKIES 공계',	'20160630'),
(437,	'2023-04-20 21:41:51',	NULL,	'서울 강남구 논현로167길 9 낙산프라자',	'깨알정보: 쟈니가 앉은 곳은 4층 테라스자리',	'https://pbs.twimg.com/media/Df1B_lyUEAABWPT?format=jpg&name=medium;https://pbs.twimg.com/media/DgwzxxDU0AER_kD?format=jpg&name=medium',	'커피빈 뉴압구정점',	GeomFromText('POINT(127.027426608456 37.524421297629)', SRID(point)),	0,	1,	'150903 SMROOKIES 공계',	'20150903'),
(438,	'2023-04-20 21:41:51',	NULL,	'서울 마포구 동교로 225',	'연남동 핫도그 맛집',	'https://pbs.twimg.com/media/Df5ZYiyU8AERthE?format=jpg&name=medium',	'밥스바비 연남점',	GeomFromText('POINT(126.923765612231 37.5602505563245)', SRID(point)),	0,	1,	'160630 SMROOKIES 공계',	'20160630'),
(439,	'2023-04-20 21:41:51',	NULL,	'서울 마포구 와우산로29길 27',	'홍대 키덜트샵',	'https://pbs.twimg.com/media/DfK7SEHVAAApH5a?format=jpg&name=large',	'뽈랄라백화점',	GeomFromText('POINT(126.928340320093 37.5551047635739)', SRID(point)),	0,	1,	'NCT DREAM BOY VIDEO 마크, 천러, 지성 촬영장소',	'20170915'),
(440,	'2023-04-20 21:41:51',	NULL,	'서울 서초구 신반포로11길 40 한강공원 반포 안내센터',	'깨알정보: 시티들이 한 일은 농구시합+라면먹기(진라면매운맛, 맛짬뽕, 짜왕, 참깨라면)',	'https://pbs.twimg.com/media/Deb_CoBVQAUtsK0?format=jpg&name=large',	'반포 한강공원',	GeomFromText('POINT(126.992730984132 37.5076939718271)', SRID(point)),	0,	1,	'NCT LIFE in 서울 촬영장소',	'20160530'),
(441,	'2023-04-20 21:41:51',	NULL,	'서울 마포구 성지길 40',	'야외테라스와 루프탑이 있는 넓은 카페. 깨알정보: 마크 딸기스무디, 런쥔 자몽에이드, 제노 레몬에이드, 해찬 블루레몬에이드, 천러 청포도에이드, 지성 블루베리에이드',	'https://pbs.twimg.com/media/DbYFktVUQAA2-yI?format=jpg&name=large',	'꾸머카페',	GeomFromText('POINT(126.912692982769 37.5469134381955)', SRID(point)),	0,	1,	'NCT DREAM BOY VIDEO 촬영장소',	'20170915'),
(442,	'2023-04-20 21:41:51',	NULL,	'서울 강서구 마곡중앙5로 6 2층 218호 중식당 wei',	'맛있는 중식당, 행복한 중식당\' 호텔 및 고급 중식당 20년 경력의 오너셰프가 정성껏 조리하겠습니다. 깨알정보: 드림이들은 짜장, 짬뽕, 탕수육을 먹었다.',	'https://pbs.twimg.com/media/DdtxNRiV0AEF7gq?format=jpg&name=large',	'wei',	GeomFromText('POINT(126.827554917518 37.5673140391214)', SRID(point)),	0,	1,	'NCT DREAM BOY VIDEO 촬영장소',	'20170915'),
(443,	'2023-04-20 21:41:51',	NULL,	'서울 양천구 목동서로 155 목동파라곤 B121호',	'특별하고 건강한 맛의 소스와 정성이 가득한 숙성을 통해 최고의 버거를 맛볼 수 있는 수제버거집. 깨알정보: 마크는 필리치즈 스테이크 버거, 지성이는 아틀란타 스테이크를 먹음. 드림이들이 방문한 지점은 영업을 종료한 관계로 본점으로 안내해드릴게요.',	'https://pbs.twimg.com/media/DdiSPkyUQAEeolA?format=jpg&name=large',	'달인의수제버거 아메리칸델리',	GeomFromText('POINT(126.875071951863 37.5299956155624)', SRID(point)),	0,	1,	'NCT DREAM BOY VIDEO 촬영장소',	'20170915'),
(444,	'2023-04-20 21:41:51',	NULL,	'서울 용산구 용산동2가 7-76',	'이 장소에 대한 정보가 따로 없어요. 정보를 추가하고 싶다면 히어시티 SNS로 해당 장소에 대한 설명을 보내주세요:)',	'https://pbs.twimg.com/media/DdVRatEU8AAglQN?format=jpg&name=large',	'녹사평역 인근 육교',	GeomFromText('POINT(126.986958981351 37.5362612997895)', SRID(point)),	0,	1,	'NCT DREAM BOY VIDEO 촬영장소',	'20170915'),
(445,	'2023-04-20 21:41:51',	NULL,	'서울 마포구 잔다리로3안길 24 1층',	'이 장소에 대한 정보가 따로 없어요. 정보를 추가하고 싶다면 히어시티 SNS로 해당 장소에 대한 설명을 보내주세요:)',	'https://pbs.twimg.com/media/Dc7CbN4U8AAV5y2?format=jpg&name=large',	'더페이머스버거 홍대점',	GeomFromText('POINT(126.91959372856 37.5504982759395)', SRID(point)),	0,	1,	'NCT DREAM BOY VIDEO 촬영장소',	'20170915'),
(446,	'2023-04-20 21:41:51',	NULL,	'서울 마포구 현석동',	'이 장소에 대한 정보가 따로 없어요. 정보를 추가하고 싶다면 히어시티 SNS로 해당 장소에 대한 설명을 보내주세요:)',	'https://pbs.twimg.com/media/Ddc-FXXVwAAyQ3E?format=jpg&name=large',	'현석나들목',	GeomFromText('POINT(126.934289634391 37.5421619566647)', SRID(point)),	0,	1,	'NCT 127 「Limitless」(Japanese Ver.) MV 촬영장소',	'20171104'),
(447,	'2023-04-20 21:41:51',	NULL,	'서울 관악구 관악로14가길 13',	'분위기 좋은 홍콩식 주점. 깨알정보: 마크와 해찬이가 먹은 메뉴는 꿔바로우와 배추찜이다.',	'https://pbs.twimg.com/media/DbcHfXOU8AUE1o1?format=jpg&name=large',	'Kitchen& BAR 몽중인',	GeomFromText('POINT(126.956080516917 37.477787729671)', SRID(point)),	0,	1,	'NCT DREAM BOY VIDEO 촬영장소',	'20170915'),
(448,	'2023-04-20 21:41:51',	NULL,	'서울 용산구 대사관로11길 49 3층',	'양말 라이프 디자인상점. 원래는 카페도 함께 운영했으나 당분간 카페는 영업하지 않는다고 해요. 드림이들이 방문한 곳이 이전해서 새로운 주소로 안내해드릴게요.',	'https://pbs.twimg.com/media/DdiKNtKVQAErZW4?format=jpg&name=large',	'MSMR',	GeomFromText('POINT(127.001636621031 37.5357074426239)', SRID(point)),	0,	1,	'NCT DREAM BOY VIDEO 촬영장소',	'20170915'),
(449,	'2023-04-20 21:41:51',	NULL,	'인천 남동구 논현동 1-55',	'깨알정보: 텐이 촬영한 곳은 소래습지생태공원 소금창고4',	'https://pbs.twimg.com/media/DbHshtJVQAA3Khu?format=jpg&name=large,https://pbs.twimg.com/media/DhG0Mh9U8AAzJv3?format=jpg&name=large',	'소래습지생태공원',	GeomFromText('POINT(126.747796825198 37.41375867839)', SRID(point)),	0,	7,	'NCTmentary 엔시티멘터리 EP.1, EP.2 촬영장소',	'20180209'),
(450,	'2023-04-20 21:41:52',	NULL,	'서울 종로구 자하문로7길 55',	'서울에서 가장 오래된 서점이자 서촌 레트로 카페',	'https://pbs.twimg.com/media/DcvBwAoUQAIAibL?format=jpg&name=medium;https://pbs.twimg.com/media/DcvBxJUV0AA17TD?format=jpg&name=medium;https://pbs.twimg.com/media/DcvEJIjVAAAXX-v?format=jpg&name=900x900',	'대오서점',	GeomFromText('POINT(126.969324927835 37.5797361073093)', SRID(point)),	0,	1,	'스타캐스트 엔시티드림편 서촌 데이트 촬영장소 / 예성 \'봄날의 소나기\' MV (정우 출연) 촬영장소',	'20170509'),
(451,	'2023-04-20 21:41:52',	NULL,	'서울 강남구 압구정로4길 27-2 1층',	'강남 더블트러블 치즈 덕후들 설레는 곳',	'https://pbs.twimg.com/media/DaREzifVAAEdQUk?format=jpg&name=large',	'더블트러블 유니온',	GeomFromText('POINT(127.021002470404 37.5215068802199)', SRID(point)),	0,	1,	'NCT U \'WITHOUT YOU\' MV 촬영장소',	'20160410'),
(452,	'2023-04-20 21:41:52',	NULL,	'서울특별시 종로구 옥인길 28',	'추억의 고전게임 오락실',	'https://pbs.twimg.com/media/DcvBqDTVQAA1Xv1?format=jpg&name=medium;https://pbs.twimg.com/media/DcvBrNsU0AAxH80?format=jpg&name=medium;https://pbs.twimg.com/media/DcvBsZUUQAA1reb?format=jpg&name=medium',	'옥인오락실',	GeomFromText('POINT(126.967241206598 37.5809732426286)', SRID(point)),	0,	1,	'스타캐스트 엔시티드림편 서촌 데이트 촬영장소',	'20170509'),
(453,	'2023-04-20 21:41:52',	NULL,	'서울 종로구 자하문로15길 26-2',	'문어꼬치 전문 맛있는 길거리 음식',	'https://pbs.twimg.com/media/DcvBt4NU0AoGlB_?format=jpg&name=medium;https://pbs.twimg.com/media/DcvBu4_VwAAybmN?format=jpg&name=medium',	'문꼬치',	GeomFromText('POINT(126.969545512936 37.5807206803717)', SRID(point)),	0,	1,	'스타캐스트 엔시티드림편 서촌 데이트 촬영장소',	'20170509'),
(454,	'2023-04-20 21:41:52',	NULL,	'서울 성동구 성수동1가 720',	'깨알정보: 여러 곳에서 촬영되었으며, 대략적인 위치는 사진에 표시되어있으니 참고해주세요',	'https://pbs.twimg.com/media/DbeEq2qUQAE87qL?format=jpg&name=large',	'서울숲 곳곳',	GeomFromText('POINT(127.039330416366 37.5454621569238)', SRID(point)),	0,	1,	'NCT DREAM BOY VIDEO 촬영장소',	'20170915'),
(455,	'2023-04-20 21:41:52',	NULL,	'부산 수영구 광안해변로 219',	'사계절 내내 즐기는 도심 속 특급 휴양지',	'https://pbs.twimg.com/media/DbckH5tVwAEQh1z?format=jpg&name=large',	'광안리해수욕장',	GeomFromText('POINT(129.118519972498 35.1537727634193)', SRID(point)),	0,	5,	'180213 공계 쟈니',	'20180213'),
(456,	'2023-04-20 21:41:52',	NULL,	'서울 관악구 봉천동 1693-41',	'이 장소에 대한 정보가 따로 없어요. 정보를 추가하고 싶다면 히어시티 SNS로 해당 장소에 대한 설명을 보내주세요:)',	'https://pbs.twimg.com/media/DbcIfwSVwAAwcON?format=jpg&name=large',	'몽중인 근처',	GeomFromText('POINT(126.954483521608 37.4779154290126)', SRID(point)),	0,	1,	'NCT DREAM BOY VIDEO 촬영장소',	'20170915'),
(457,	'2023-04-20 21:41:52',	NULL,	'서울 중구 명동8나길 10',	'명동맛집 소고기 요리 전문점 고요남. 깨알정보: 우리칠이 먹은 메뉴는 55cm 한우육회초밥과 고인돌갈비. 멤버들이 방문한 홍대점이 영업을 종료한 관계로 명동점으로 안내드릴게요.',	'https://pbs.twimg.com/media/DbMtjAoVwAA9yzf?format=jpg&name=large;https://pbs.twimg.com/media/Dc1op7OVQAAW1Z2?format=jpg&name=large',	'고요남 명동점',	GeomFromText('POINT(126.98425410318 37.5617791431214)', SRID(point)),	0,	1,	'NCT 127 ROAD TO JAPAN #6 촬영장소',	'20180304'),
(458,	'2023-04-20 21:41:52',	NULL,	'경기 가평군 설악면 다락재로 226-57',	'스위스의 작은 마을 축제를 주제로 만들어 진 테마파크 에델바이스',	'https://mimgnews.pstatic.net/image/420/2018/04/20/135034202_26.jpg?type=w540;https://ssl.pstatic.net/mimgnews/image/420/2018/04/20/135034788_29.jpg?type=w540',	'에델바이스 스위스 테마파크',	GeomFromText('POINT(127.447244197155 37.6680101468074)', SRID(point)),	0,	2,	'스타캐스트 태용, 쿤, 정우편 촬영장소',	'20180420'),
(459,	'2023-04-20 21:41:52',	NULL,	'서울 성동구 성수동2가 310-66',	'깨알정보: 상세 위치는 사진을 참고해주세요',	'https://pbs.twimg.com/media/DbOKA6KV4AcH5-k?format=jpg&name=4096x4096;https://pbs.twimg.com/media/DbOKDEBVwAALJ5y?format=jpg&name=large',	'성수역 근처',	GeomFromText('POINT(127.053451460064 37.5426448607696)', SRID(point)),	0,	1,	'SKT 폼 광고촬영장소 태용, 텐, 마크',	'20160318'),
(460,	'2023-04-20 21:41:52',	NULL,	'서울 용산구 이태원로 246',	'음악에서 비롯한 울림을 일상의 영감으로 끌어올리는 공간, 현대카드 뮤직 라이브러리. 장르별로 선별한 1만여 장의 바이닐과 전 세계에서 수집한 희귀반을 갖춘 공간.',	'https://pbs.twimg.com/media/DbB2YjgVMAA49vD?format=jpg&name=large',	'현대카드 뮤직 라이브러리',	GeomFromText('POINT(127.000702064249 37.5366355725896)', SRID(point)),	0,	1,	'170521 SMROOKIES 인스타라이브',	'20170521'),
(461,	'2023-04-20 21:41:52',	NULL,	'서울 마포구 월드컵북로44길 76-12',	'고급원두를 사용해 부드럽고 풍부한 맛을 자랑하는 모카리아 커피',	'https://pbs.twimg.com/media/Da-wFlKVQAI3CZ9?format=jpg&name=large',	'모카리아',	GeomFromText('POINT(126.894090820698 37.5780592615529)', SRID(point)),	0,	1,	'180416 엠뿔 미팅 마크 인터뷰 촬영장소',	'20180416'),
(462,	'2023-04-20 21:41:52',	NULL,	'서울 광진구 광나루로 410 KCC파크타운 2층',	'깨알정보: 지성아 생일 축하해~! 드림이들이 앉은 자리는 사진 참고',	'https://pbs.twimg.com/media/DylgJITUYAEbpGz?format=jpg&name=medium;https://pbs.twimg.com/media/DylgLpDV4AUS7-Z?format=jpg&name=900x900',	'빕스 어린이대공원점',	GeomFromText('POINT(127.075047996201 37.5465622772815)', SRID(point)),	0,	1,	'천지의 이것저것 Ep.6 지성 생일편 촬영장소',	'20190205'),
(463,	'2023-04-20 21:41:52',	NULL,	'부산 수영구 무학로 6',	'부산 돼지국밥의 정석. 뽀얀 국물의 돼지 국밥이 유명한 곳',	'https://pbs.twimg.com/media/DaCrRPIVMAAUy_h?format=jpg&name=large',	'수영 돼지국밥',	GeomFromText('POINT(129.114439089243 35.161748170964)', SRID(point)),	0,	5,	'수요미식회 쟈니 출연 촬영장소',	'20180321'),
(464,	'2023-04-20 21:41:52',	NULL,	'서울 중구 청계천로 400 롯데캐슬베네치아 메가몰동 지하1층',	'서울 최대규모를 자랑하는 24시간 볼링장',	'https://pbs.twimg.com/media/Dyo0siuU0AAa95Q?format=jpg&name=large;https://pbs.twimg.com/media/DyoObLcV4AI1UYG?format=jpg&name=medium',	'볼링볼링',	GeomFromText('POINT(127.021463886656 37.5708105464699)', SRID(point)),	0,	1,	'일상의 재현 : 볼링 연습하기(아육대) 촬영장소',	'20190205'),
(465,	'2023-04-20 21:41:52',	NULL,	'서울 송파구 양재대로 1222 올림픽선수기자촌아파트',	'이 장소에 대한 정보가 따로 없어요. 정보를 추가하고 싶다면 히어시티 SNS로 해당 장소에 대한 설명을 보내주세요:)',	'https://pbs.twimg.com/media/DyKfvm_VsAAxcxb?format=jpg&name=900x900',	'커피빈 올림픽플라자점',	GeomFromText('POINT(127.131063164753 37.5157276361757)', SRID(point)),	0,	1,	'171010 Vyrl 바이럴 쟈니',	'20171010'),
(466,	'2023-04-20 21:41:52',	NULL,	'경기 파주시 탄현면 성동로 19-25',	'이 장소에 대한 정보가 따로 없어요. 정보를 추가하고 싶다면 히어시티 SNS로 해당 장소에 대한 설명을 보내주세요:)',	'https://pbs.twimg.com/media/Dx5E8tIU0AItBLv?format=jpg&name=medium;https://pbs.twimg.com/media/Dx5E9ulU0AE5eNL?format=jpg&name=900x900',	'스페이스 아방쇼',	GeomFromText('POINT(126.687719169001 37.7800142187049)', SRID(point)),	0,	2,	'NCT 127 : \'NEO CITY: SEOUL ㅡ The Origin\' 콘서트 VCR 촬영장소',	'20190127'),
(467,	'2023-04-20 21:41:52',	NULL,	'서울 강남구 도산대로 534',	'청담동 고급 일식당. 깨알정보: 정확한 지점 정보를 알 수 없어서 SM에서 가장 가까운 곳으로 알려드릴게요.',	'https://pbs.twimg.com/media/DyuvEiyVAAEgYq-?format=jpg&name=medium',	'긴자 청담점',	GeomFromText('POINT(127.05185726879 37.5243947171138)', SRID(point)),	0,	1,	'190506 공계 도영 (with 제노)',	'20190506'),
(468,	'2023-04-20 21:41:52',	NULL,	'서울 광진구 아차산로29길 29-1',	'빽다방 건대역화양점 앞에서 촬영하였음',	'https://pbs.twimg.com/media/DzxoykMVsAEFUH5?format=jpg&name=large',	'건대입구역 근처',	GeomFromText('POINT(127.068619399604 37.5422603130231)', SRID(point)),	0,	1,	'Jason Derulo, LAY, NCT 127 \'Let\'s Shut Up & Dance\' MV 촬영장소',	'20190222'),
(469,	'2023-04-20 21:41:52',	NULL,	'서울 강남구 압구정로10길 35 1층',	'수플레 팬케이크가 맛있는 신사 디저트 맛집',	'https://pbs.twimg.com/media/D0V07wxUwAg9hVa?format=jpg&name=large;https://pbs.twimg.com/media/D0YXCPBU0AAXtil?format=jpg&name=large',	'도쿄수플레',	GeomFromText('POINT(127.022221190921 37.5213157347161)', SRID(point)),	0,	1,	'[V LIVE x 디스패치] 태용, 재현편 촬영장소',	'20190227'),
(470,	'2023-04-20 21:41:52',	NULL,	'서울 강남구 봉은사로4길 29 2층',	'모야~ 왜 이래?! 왓해픈? 바로 그 장면이 나온 장소! 멤버들이 촬영한 역삼점이 영업을 종료하여 강남본점으로 안내드릴게요.',	'https://pbs.twimg.com/media/D2P_vsMUYAAYhOv?format=jpg&name=large',	'바이투헤븐',	GeomFromText('POINT(127.026861660783 37.5029771717463)', SRID(point)),	0,	1,	'도와줘요 쟈니맠키!｜Help! JOHNNY MARKY (with 도영, 정우) 촬영장소',	'20190322'),
(471,	'2023-04-20 21:41:52',	NULL,	'서울 강남구 압구정로50길 7 정동상가 102호',	'케이크 전문점. 깨알정보: 재현이가 받은 생일케이크는 \'버건디 케이크\'',	'https://pbs.twimg.com/media/D09q6BYV4AA0COb?format=jpg&name=large;https://pbs.twimg.com/media/D09j-YvUYAAIUAw?format=png&name=900x900',	'지유가오카핫초메 압구정로데오점',	GeomFromText('POINT(127.038593901018 37.5277407116971)', SRID(point)),	0,	1,	'재현이 생일케이크 구매처(190228 브이앱 도영, 쟈니편)',	'20190228'),
(472,	'2023-04-20 21:41:52',	NULL,	'서울 강남구 압구정로 152 극동타워 110-115호',	'깨알정보: 툥이가 먹은 메뉴는 애플블랙커런트 티에이드. 지점이 많아요.',	'https://pbs.twimg.com/media/D1OhgvMV4AANUPE?format=jpg&name=900x900;https://pbs.twimg.com/media/D1OjQNGU8AALeks?format=png&name=360x360',	'비엔나커피하우스 압구정극동타워점',	GeomFromText('POINT(127.026048899405 37.5255648913174)', SRID(point)),	0,	1,	'190309 V LIVE 브이앱 태용',	'20190309'),
(473,	'2023-04-20 21:41:52',	NULL,	'경남 고성군 고성읍 송학리 470',	'이 장소에 대한 정보가 따로 없어요. 정보를 추가하고 싶다면 히어시티 SNS로 해당 장소에 대한 설명을 보내주세요:)',	'https://pbs.twimg.com/media/D2titBXVAAAQ8cN?format=jpg&name=medium;https://pbs.twimg.com/media/Dc6fs4jV4AAxOaz?format=jpg&name=medium',	'고성송학동고분군',	GeomFromText('POINT(128.321197474753 34.9804253669336)', SRID(point)),	0,	11,	'180511 드림공계 천러',	'20180511'),
(474,	'2023-04-20 21:41:52',	NULL,	'경기 고양시 일산동구 무궁화로 32-12 라페스타E동 1F E131-3',	'일산 라페스타 분식집',	'https://pbs.twimg.com/media/D23qfPeUwAAY-dn?format=jpg&name=large',	'우리집 라페스타E동점',	GeomFromText('POINT(126.768038454559 37.6621170851788)', SRID(point)),	0,	2,	'드라마 \'너를 싫어하는 방법\' 촬영장소',	'20190330'),
(475,	'2023-04-20 21:41:52',	NULL,	'경기 성남시 분당구 대왕판교로644번길 12 엔씨소프트',	'이 장소에 대한 정보가 따로 없어요. 정보를 추가하고 싶다면 히어시티 SNS로 해당 장소에 대한 설명을 보내주세요:)',	'https://pbs.twimg.com/media/D23uttQU0AA7Rd8?format=jpg&name=medium',	'엔씨소프트',	GeomFromText('POINT(127.108594068139 37.3993835359518)', SRID(point)),	0,	2,	'드라마 \'너를 싫어하는 방법\' 촬영장소',	'20190330'),
(476,	'2023-04-20 21:41:52',	NULL,	'경기 파주시 경의로 1151',	'이 장소에 대한 정보가 따로 없어요. 정보를 추가하고 싶다면 히어시티 SNS로 해당 장소에 대한 설명을 보내주세요:)',	'https://pbs.twimg.com/media/D3UTTFKUIAIOpCp?format=jpg&name=large',	'운정호수공원',	GeomFromText('POINT(126.760122402934 37.7201079966976)', SRID(point)),	0,	2,	'드라마 \'너를 싫어하는 방법\' 촬영장소',	'20190330'),
(477,	'2023-04-20 21:41:52',	NULL,	'서울 용산구 이태원로27가길 50 지하 1층~지하 2층',	'다양한 분야와 장르의 사람들과 한데 모여 겸상할 수 있는 곳. \'클래식\'과 \'힙\' 2가지가 공존하는 이태원 대표 서브컬쳐 요리주점',	'https://pbs.twimg.com/media/D3cVx7DU8AAS3Jc?format=jpg&name=large',	'소셜베이스 이태원',	GeomFromText('POINT(126.992555559332 37.5350678692169)', SRID(point)),	0,	1,	'드라마 \'너를 싫어하는 방법\' 촬영장소',	'20190330'),
(478,	'2023-04-20 21:41:52',	NULL,	'서울 성북구 서경로 124 서경대학교',	'이 장소에 대한 정보가 따로 없어요. 정보를 추가하고 싶다면 히어시티 SNS로 해당 장소에 대한 설명을 보내주세요:)',	'https://pbs.twimg.com/media/D23s_1NUkAAFUaO?format=jpg&name=large;https://pbs.twimg.com/media/D23s-qEUwAAnQjo?format=jpg&name=large',	'서경대학교',	GeomFromText('POINT(127.013565764354 37.6154147804327)', SRID(point)),	0,	1,	'드라마 \'너를 싫어하는 방법\' 촬영장소',	'20190330'),
(479,	'2023-04-20 21:41:52',	NULL,	'서울 용산구 백범로87길 51',	'국내 최초 최대 규모로 추억의 고전 게임들만 모아놓은 전자오락실',	'https://pbs.twimg.com/media/D5uX1HLUwAI4ox7?format=jpg&name=large',	'콤콤오락실 열정도점',	GeomFromText('POINT(126.969281312025 37.539559469822)', SRID(point)),	0,	1,	'190504 같이할래? GG 촬영장소(재민 출연)',	'20190504'),
(480,	'2023-04-20 21:41:52',	NULL,	'서울 용산구 한강대로38길 11-22',	'청담동 마라탕, 마라샹궈, 꿔바로우 맛집. 중국요리 맛집! 말해뭐해..여기가 바로 시즈니 성지',	'https://postfiles.pstatic.net/MjAyMzAzMzBfMjQ1/MDAxNjgwMTc2NDYxOTcz._ApJY4A8rEnH9p-Z4HRrUlIAeHioP-7koI44HpOABbog.eDtBZbIZlnTDQscIWwtSa5YrNCGwKrwkPRIGQdSFeeMg.PNG.nct2020nana/%EC%82%AC%EC%A7%84%EC%97%86%EC%A0%9C%EB%85%B8.png?type=w966',	'텐파마라탕마라샹궈 신용산2호점',	GeomFromText('POINT(126.969909847617 37.5300074016446)', SRID(point)),	0,	1,	'천러 이모님이 운영하시는 마라탕집',	'20221010'),
(481,	'2023-04-20 21:41:52',	NULL,	'서울 강남구 압구정로79길 49 1층',	'청담동 마라탕, 마라샹궈, 꿔바로우 맛집. 중국요리 맛집! 말해뭐해..여기가 바로 시즈니 성지',	'https://postfiles.pstatic.net/MjAyMzAzMzBfMjQ1/MDAxNjgwMTc2NDYxOTcz._ApJY4A8rEnH9p-Z4HRrUlIAeHioP-7koI44HpOABbog.eDtBZbIZlnTDQscIWwtSa5YrNCGwKrwkPRIGQdSFeeMg.PNG.nct2020nana/%EC%82%AC%EC%A7%84%EC%97%86%EC%A0%9C%EB%85%B8.png?type=w966',	'텐파마라탕 마라샹궈',	GeomFromText('POINT(127.051145937619 37.5255660598733)', SRID(point)),	0,	1,	'천러 이모님이 운영하시는 마라탕집',	'20221010'),
(482,	'2023-04-20 21:41:52',	NULL,	'서울 강남구 도산대로51길 33 1층',	'시즈니 성지,,, 제주산 돼지고기 맛집',	'https://postfiles.pstatic.net/MjAyMzAzMzBfMjQ1/MDAxNjgwMTc2NDYxOTcz._ApJY4A8rEnH9p-Z4HRrUlIAeHioP-7koI44HpOABbog.eDtBZbIZlnTDQscIWwtSa5YrNCGwKrwkPRIGQdSFeeMg.PNG.nct2020nana/%EC%82%AC%EC%A7%84%EC%97%86%EC%A0%9C%EB%85%B8.png?type=w966',	'애월식당 압구정점',	GeomFromText('POINT(127.037885155691 37.5253262557712)', SRID(point)),	0,	1,	'드리미들이 좋아한다는 고기맛집',	'20230303'),
(483,	'2023-04-20 21:41:52',	NULL,	'서울 강남구 도산대로1길 24 1층 신사모소리',	'돼지런한 청년들이 만들고 직접 운영해나가는 길음모소리',	'https://postfiles.pstatic.net/MjAyMzAzMzBfMjQ1/MDAxNjgwMTc2NDYxOTcz._ApJY4A8rEnH9p-Z4HRrUlIAeHioP-7koI44HpOABbog.eDtBZbIZlnTDQscIWwtSa5YrNCGwKrwkPRIGQdSFeeMg.PNG.nct2020nana/%EC%82%AC%EC%A7%84%EC%97%86%EC%A0%9C%EB%85%B8.png?type=w966',	'신사 모소리',	GeomFromText('POINT(127.019987128565 37.5182711939801)', SRID(point)),	0,	1,	'해찬 추천 돼지 특수부위 맛집',	'20200606'),
(484,	'2023-04-20 21:41:52',	NULL,	'서울 광진구 동일로18길 32',	'자양동 건대입구 중국요리 맛집',	'https://postfiles.pstatic.net/MjAyMzAzMzBfMjQ1/MDAxNjgwMTc2NDYxOTcz._ApJY4A8rEnH9p-Z4HRrUlIAeHioP-7koI44HpOABbog.eDtBZbIZlnTDQscIWwtSa5YrNCGwKrwkPRIGQdSFeeMg.PNG.nct2020nana/%EC%82%AC%EC%A7%84%EC%97%86%EC%A0%9C%EB%85%B8.png?type=w966',	'란주천면관',	GeomFromText('POINT(127.064540890189 37.5394942008282)', SRID(point)),	0,	1,	'더쥔이가 사랑하는 중식당',	'20220425'),
(485,	'2023-04-20 21:41:52',	NULL,	'서울 강남구 도산대로53길 15 1층',	'사람과 사람, 사람과 디저트를 잇는 프리미엄디저트카페 카페노티드',	'https://postfiles.pstatic.net/MjAyMzAzMzBfMjQ1/MDAxNjgwMTc2NDYxOTcz._ApJY4A8rEnH9p-Z4HRrUlIAeHioP-7koI44HpOABbog.eDtBZbIZlnTDQscIWwtSa5YrNCGwKrwkPRIGQdSFeeMg.PNG.nct2020nana/%EC%82%AC%EC%A7%84%EC%97%86%EC%A0%9C%EB%85%B8.png?type=w966',	'노티드 청담',	GeomFromText('POINT(127.038241721129 37.5241916888758)', SRID(point)),	0,	1,	'도영픽 도넛 맛집 / 스우파 연습시간 태용 간식',	'20220425'),
(486,	'2023-04-20 21:41:52',	NULL,	'제주 제주시 동문로4길 12',	'깨알정보: 성쇼가 먹은 메뉴는 떡볶이와 김밥, 순대! 성찬이는 김밥과 순대를 떡볶이 소스에 찍어먹는걸 추천했다.',	'https://pbs.twimg.com/media/FiKi5ptVQAAyeW8?format=jpg&name=medium',	'사랑분식',	GeomFromText('POINT(126.527845863364 33.5124641407833)', SRID(point)),	0,	9,	'성쇼 오늘 무해?! 제주도편',	'20221122'),
(487,	'2023-04-20 21:41:52',	NULL,	'서울 용산구 이태원로 255-1 2층',	'가구, 리빙 전문 편집샵',	'https://pbs.twimg.com/media/FrG0fceaUAED2ra?format=jpg&name=large',	'HPIX 한남',	GeomFromText('POINT(127.000774035401 37.5376979417607)', SRID(point)),	0,	1,	'230313 도영 인스타그램',	'20230313'),
(488,	'2023-04-20 21:41:52',	NULL,	'서울 강남구 논현로24길 41 1층',	'2009년부터 영업 중인 담백한 식사빵류와 식사빵을 이용한 샌드위치, 샐러드를 판매하는 베이커리 카페',	'https://pbs.twimg.com/media/Fq7IpmkaYAch9Nt?format=jpg&name=4096x4096',	'비플레이트 바이 브라운브레드',	GeomFromText('POINT(127.046084380646 37.4829191428054)', SRID(point)),	0,	1,	'230311 태용 인스타 스토리',	'20230311'),
(489,	'2023-04-20 21:41:52',	NULL,	'제주 제주시 도두일동 1734',	'이 장소에 대한 정보가 따로 없어요. 정보를 추가하고 싶다면 히어시티 SNS로 해당 장소에 대한 설명을 보내주세요:)',	'https://postfiles.pstatic.net/MjAyMzAzMzBfMTkx/MDAxNjgwMTc3ODE1NzM2.hx4BJVV6BVEkg8Bp5Vt5_Ar5hGdesoCMEOSyobQi4bsg.ERztLg6sz3GwymoO7zhgzLwyf2OV4V0V-dON_9KNkFEg.PNG.nct2020nana/%EC%8A%A4%ED%81%AC%EB%A6%B0%EC%83%B7(159).png?type=w966;https://postfiles.pstatic.net/MjAyMzAzMzBfMjEy/MDAxNjgwMTc3ODE1ODU3.JSZhSNr0IuRKOfVZBQZ29kCvP1vR1pbet4_CktbF-CQg.Hp70w76gMfrxSGOSHqYxdiPuo8sw48YiQcg6QAvkU6Ig.PNG.nct2020nana/%EC%8A%A4%ED%81%AC%EB%A6%B0%EC%83%B7(158).png?type=w966',	'도두동무지개해안도로',	GeomFromText('POINT(126.472491125386 33.5093830348977)', SRID(point)),	0,	9,	'성쇼 오늘 무해?! 제주도편',	'20221118'),
(490,	'2023-04-20 21:41:52',	NULL,	'제주 제주시 원노형3길 15 1층',	'깨알정보: 성쇼가 먹은 메뉴는 철판제주통갈치조림+사이다',	'https://postfiles.pstatic.net/MjAyMzAzMzBfMjQ2/MDAxNjgwMTc3ODIwODkw.KsOJAmRunmTJ7eI2_P889GsNjvxGKMM1_t5JHorskM0g.zkxNCbFHpKKVSnhlGMmjlv3JW5mt-TFub1UQoQqq5tAg.PNG.nct2020nana/%EC%8A%A4%ED%81%AC%EB%A6%B0%EC%83%B7(162).png?type=w966;https://postfiles.pstatic.net/MjAyMzAzMzBfNDYg/MDAxNjgwMTc3ODI2MDMz.iZpRfjRZ7i_Om53IIk9HGKDciI1lIIy5Kwjc4XlDrFAg.D0PGqdi_eFXJGE3mEw8DY1QD-vHlhnZRtqyN-TglsuQg.PNG.nct2020nana/%EC%8A%A4%ED%81%AC%EB%A6%B0%EC%83%B7(161).png?type=w966',	'제주마음',	GeomFromText('POINT(126.484355476723 33.4864495544493)', SRID(point)),	0,	9,	'성쇼 오늘 무해?! 제주도편',	'20221118'),
(491,	'2023-04-20 21:41:52',	NULL,	'제주 제주시 애월읍 천덕로 880-24',	'제주 자연과 스피드를 즐기는 친환경 레이싱! 깨알정보: 타로가 탄 카트는 048, 098 성찬이가 탄 카트는 078, 336',	'https://postfiles.pstatic.net/MjAyMzAzMzBfMTA0/MDAxNjgwMTc3ODI1OTAz.Id_lMt4jVo4pNuchq-W2Y-NQGVYGkuIn1a8Dn5_JuHkg.laVdZp7LBa3GpZ5K1KBF_LDGR_-OfFKjUHqh0LYzQ4sg.PNG.nct2020nana/%EC%8A%A4%ED%81%AC%EB%A6%B0%EC%83%B7(165).png?type=w966;https://postfiles.pstatic.net/MjAyMzAzMzBfMTQ1/MDAxNjgwMTc3ODIwNzI1.BX2AndnrXNn9Ou4bVIappXTY_wiowcDc6TkkBFIj6EUg.aheiYbhtUYUJtHwDu0AQUjUoeWJSmRykKPDcRKQc_7Mg.PNG.nct2020nana/%EC%8A%A4%ED%81%AC%EB%A6%B0%EC%83%B7(164).png?type=w966',	'9.81 파크 제주',	GeomFromText('POINT(126.366509023697 33.3900369448134)', SRID(point)),	0,	9,	'성쇼 오늘 무해?! 제주도편',	'20221118'),
(492,	'2023-04-20 21:41:52',	NULL,	'제주 제주시 관덕로14길 20',	'이 장소에 대한 정보가 따로 없어요. 정보를 추가하고 싶다면 히어시티 SNS로 해당 장소에 대한 설명을 보내주세요:)',	'https://postfiles.pstatic.net/MjAyMzAzMzBfMjQ1/MDAxNjgwMTc2NDYxOTcz._ApJY4A8rEnH9p-Z4HRrUlIAeHioP-7koI44HpOABbog.eDtBZbIZlnTDQscIWwtSa5YrNCGwKrwkPRIGQdSFeeMg.PNG.nct2020nana/%EC%82%AC%EC%A7%84%EC%97%86%EC%A0%9C%EB%85%B8.png?type=w966',	'동문재래시장',	GeomFromText('POINT(126.526018218964 33.5115902822492)', SRID(point)),	0,	9,	'성쇼 오늘 무해?! 제주도편',	'20221122'),
(493,	'2023-04-20 21:41:52',	NULL,	'제주 서귀포시 상예로 381',	'제주도 천혜의 자연에서 온 몸으로 스릴을 느낄 수 있는 레저 스포츠!',	'https://postfiles.pstatic.net/MjAyMzAzMzBfMjIw/MDAxNjgwMTc3ODMwNjU0.-NoTQD4AhMqq6jWcNnzWMvfCJXVqjBbFFEhbxNXWEmsg.GVWLv9LygqSyO9IMm6PEtfJy8F09Wn2r3hG5Lkt_hwQg.PNG.nct2020nana/%EC%8A%A4%ED%81%AC%EB%A6%B0%EC%83%B7(169).png?type=w966',	'대유ATV수렵사격랜드',	GeomFromText('POINT(126.394229926837 33.2789781872262)', SRID(point)),	0,	9,	'성쇼 오늘 무해?! 제주도편',	'20221122'),
(494,	'2023-04-20 21:41:52',	NULL,	'제주 제주시 한림읍 산록남로 53',	'깨알정보: 성쇼는 우유아이스크림과 제주 녹차 밀크티를 먹었다+밀크샌드쿠키&카라멜도 구매!',	'https://postfiles.pstatic.net/MjAyMzAzMzBfOTQg/MDAxNjgwMTc3ODMxNjcz.Hdnje31-ByYVoY0hYJu-jiigGioSrxDOcz8KQGOiT-wg.vxu7YR0IIH3LSV_jphHQM8Avj7NVtUZgWn5qvQsmEFQg.PNG.nct2020nana/%EC%8A%A4%ED%81%AC%EB%A6%B0%EC%83%B7(167).png?type=w966',	'성이시돌목장',	GeomFromText('POINT(126.321867724832 33.3459802899171)', SRID(point)),	0,	9,	'성쇼 오늘 무해?! 제주도편',	'20221122'),
(495,	'2023-04-20 21:44:26',	NULL,	'서울 성동구 성수일로4길 12',	'NCT 단골 스튜디오',	'https://pbs.twimg.com/media/DmVFfTQUUAE-5li?format=jpg&name=small;https://pbs.twimg.com/media/DnT8fYRUYAAaJW1?format=jpg&name=small;https://pbs.twimg.com/media/EvNC0MpVkAAkVRW?format=jpg&name=small;https://pbs.twimg.com/media/DnUFBOzU8AAyywi?format=jpg&name=small',	'AP AGAIN',	GeomFromText('POINT(127.05012691713 37.5425273868787)', SRID(point)),	0,	1,	'NCT DREAM \'We Go Up\' , \'Reload\' 자켓 / NCT 127 \'Regular-Irregular\' 자켓 / NCT 127 맨즈논노 표지 / WayV \'Regular\' 자켓 / 샤오쥔 Re-born EP.1 촬영장소',	'20210227');

TRUNCATE `place_activity`;
INSERT INTO `place_activity` (`activity_id`, `place_id`, `created_at`, `deleted_at`) VALUES
(1,	5,	'2023-04-20 21:41:43',	NULL),
(1,	8,	'2023-04-20 21:41:44',	NULL),
(1,	11,	'2023-04-20 21:41:44',	NULL),
(1,	14,	'2023-04-20 21:41:44',	NULL),
(1,	15,	'2023-04-20 21:41:44',	NULL),
(1,	19,	'2023-04-20 21:41:44',	NULL),
(1,	20,	'2023-04-20 21:41:44',	NULL),
(1,	21,	'2023-04-20 21:41:44',	NULL),
(1,	22,	'2023-04-20 21:41:44',	NULL),
(1,	27,	'2023-04-20 21:41:44',	NULL),
(1,	31,	'2023-04-20 21:41:44',	NULL),
(1,	32,	'2023-04-20 21:41:44',	NULL),
(1,	34,	'2023-04-20 21:41:44',	NULL),
(1,	35,	'2023-04-20 21:41:44',	NULL),
(1,	36,	'2023-04-20 21:41:44',	NULL),
(1,	37,	'2023-04-20 21:41:44',	NULL),
(1,	40,	'2023-04-20 21:41:44',	NULL),
(1,	41,	'2023-04-20 21:41:44',	NULL),
(1,	42,	'2023-04-20 21:41:44',	NULL),
(1,	43,	'2023-04-20 21:41:44',	NULL),
(1,	44,	'2023-04-20 21:41:44',	NULL),
(1,	46,	'2023-04-20 21:41:44',	NULL),
(1,	48,	'2023-04-20 21:41:44',	NULL),
(1,	49,	'2023-04-20 21:41:44',	NULL),
(1,	50,	'2023-04-20 21:41:44',	NULL),
(1,	51,	'2023-04-20 21:41:44',	NULL),
(1,	52,	'2023-04-20 21:41:44',	NULL),
(1,	53,	'2023-04-20 21:41:45',	NULL),
(1,	54,	'2023-04-20 21:41:45',	NULL),
(1,	55,	'2023-04-20 21:41:45',	NULL),
(1,	56,	'2023-04-20 21:41:45',	NULL),
(1,	58,	'2023-04-20 21:41:45',	NULL),
(1,	66,	'2023-04-20 21:41:45',	NULL),
(1,	67,	'2023-04-20 21:41:45',	NULL),
(1,	73,	'2023-04-20 21:41:45',	NULL),
(1,	74,	'2023-04-20 21:41:45',	NULL),
(1,	76,	'2023-04-20 21:41:45',	NULL),
(1,	78,	'2023-04-20 21:41:45',	NULL),
(1,	80,	'2023-04-20 21:41:45',	NULL),
(1,	84,	'2023-04-20 21:41:45',	NULL),
(1,	90,	'2023-04-20 21:41:45',	NULL),
(1,	92,	'2023-04-20 21:41:45',	NULL),
(1,	98,	'2023-04-20 21:41:45',	NULL),
(1,	101,	'2023-04-20 21:41:45',	NULL),
(1,	107,	'2023-04-20 21:41:45',	NULL),
(1,	109,	'2023-04-20 21:41:46',	NULL),
(1,	110,	'2023-04-20 21:41:46',	NULL),
(1,	112,	'2023-04-20 21:41:46',	NULL),
(1,	118,	'2023-04-20 21:41:46',	NULL),
(1,	126,	'2023-04-20 21:41:46',	NULL),
(1,	127,	'2023-04-20 21:41:46',	NULL),
(1,	135,	'2023-04-20 21:41:46',	NULL),
(1,	136,	'2023-04-20 21:41:46',	NULL),
(1,	142,	'2023-04-20 21:41:46',	NULL),
(1,	144,	'2023-04-20 21:41:46',	NULL),
(1,	145,	'2023-04-20 21:41:46',	NULL),
(1,	146,	'2023-04-20 21:41:46',	NULL),
(1,	147,	'2023-04-20 21:41:46',	NULL),
(1,	148,	'2023-04-20 21:41:46',	NULL),
(1,	151,	'2023-04-20 21:41:46',	NULL),
(1,	157,	'2023-04-20 21:41:46',	NULL),
(1,	161,	'2023-04-20 21:41:46',	NULL),
(1,	162,	'2023-04-20 21:41:46',	NULL),
(1,	163,	'2023-04-20 21:41:46',	NULL),
(1,	166,	'2023-04-20 21:41:46',	NULL),
(1,	168,	'2023-04-20 21:41:47',	NULL),
(1,	170,	'2023-04-20 21:41:47',	NULL),
(1,	171,	'2023-04-20 21:41:47',	NULL),
(1,	172,	'2023-04-20 21:41:47',	NULL),
(1,	173,	'2023-04-20 21:41:47',	NULL),
(1,	175,	'2023-04-20 21:41:47',	NULL),
(1,	176,	'2023-04-20 21:41:47',	NULL),
(1,	178,	'2023-04-20 21:41:47',	NULL),
(1,	179,	'2023-04-20 21:41:47',	NULL),
(1,	185,	'2023-04-20 21:41:47',	NULL),
(1,	189,	'2023-04-20 21:41:47',	NULL),
(1,	190,	'2023-04-20 21:41:47',	NULL),
(1,	191,	'2023-04-20 21:41:47',	NULL),
(1,	192,	'2023-04-20 21:41:47',	NULL),
(1,	198,	'2023-04-20 21:41:47',	NULL),
(1,	199,	'2023-04-20 21:41:47',	NULL),
(1,	200,	'2023-04-20 21:41:47',	NULL),
(1,	202,	'2023-04-20 21:41:47',	NULL),
(1,	212,	'2023-04-20 21:41:47',	NULL),
(1,	217,	'2023-04-20 21:41:47',	NULL),
(1,	220,	'2023-04-20 21:41:47',	NULL),
(1,	221,	'2023-04-20 21:41:48',	NULL),
(1,	223,	'2023-04-20 21:41:48',	NULL),
(1,	229,	'2023-04-20 21:41:48',	NULL),
(1,	230,	'2023-04-20 21:41:48',	NULL),
(1,	232,	'2023-04-20 21:41:48',	NULL),
(1,	233,	'2023-04-20 21:41:48',	NULL),
(1,	246,	'2023-04-20 21:41:48',	NULL),
(1,	248,	'2023-04-20 21:41:48',	NULL),
(1,	249,	'2023-04-20 21:41:48',	NULL),
(1,	253,	'2023-04-20 21:41:48',	NULL),
(1,	254,	'2023-04-20 21:41:48',	NULL),
(1,	257,	'2023-04-20 21:41:48',	NULL),
(1,	259,	'2023-04-20 21:41:48',	NULL),
(1,	260,	'2023-04-20 21:41:48',	NULL),
(1,	261,	'2023-04-20 21:41:48',	NULL),
(1,	265,	'2023-04-20 21:41:48',	NULL),
(1,	269,	'2023-04-20 21:41:48',	NULL),
(1,	271,	'2023-04-20 21:41:48',	NULL),
(1,	272,	'2023-04-20 21:41:48',	NULL),
(1,	273,	'2023-04-20 21:41:48',	NULL),
(1,	274,	'2023-04-20 21:41:48',	NULL),
(1,	275,	'2023-04-20 21:41:48',	NULL),
(1,	278,	'2023-04-20 21:41:48',	NULL),
(1,	279,	'2023-04-20 21:41:48',	NULL),
(1,	287,	'2023-04-20 21:41:49',	NULL),
(1,	304,	'2023-04-20 21:41:49',	NULL),
(1,	305,	'2023-04-20 21:41:49',	NULL),
(1,	309,	'2023-04-20 21:41:49',	NULL),
(1,	312,	'2023-04-20 21:41:49',	NULL),
(1,	336,	'2023-04-20 21:41:50',	NULL),
(1,	337,	'2023-04-20 21:41:50',	NULL),
(1,	346,	'2023-04-20 21:41:50',	NULL),
(1,	349,	'2023-04-20 21:41:50',	NULL),
(1,	359,	'2023-04-20 21:41:50',	NULL),
(1,	362,	'2023-04-20 21:41:50',	NULL),
(1,	365,	'2023-04-20 21:41:50',	NULL),
(1,	366,	'2023-04-20 21:41:50',	NULL),
(1,	367,	'2023-04-20 21:41:50',	NULL),
(1,	368,	'2023-04-20 21:41:50',	NULL),
(1,	373,	'2023-04-20 21:41:50',	NULL),
(1,	374,	'2023-04-20 21:41:50',	NULL),
(1,	375,	'2023-04-20 21:41:50',	NULL),
(1,	378,	'2023-04-20 21:41:50',	NULL),
(1,	385,	'2023-04-20 21:41:50',	NULL),
(1,	390,	'2023-04-20 21:41:50',	NULL),
(1,	399,	'2023-04-20 21:41:51',	NULL),
(1,	409,	'2023-04-20 21:41:51',	NULL),
(1,	417,	'2023-04-20 21:41:51',	NULL),
(1,	418,	'2023-04-20 21:41:51',	NULL),
(1,	419,	'2023-04-20 21:41:51',	NULL),
(1,	420,	'2023-04-20 21:41:51',	NULL),
(1,	421,	'2023-04-20 21:41:51',	NULL),
(1,	422,	'2023-04-20 21:41:51',	NULL),
(1,	424,	'2023-04-20 21:41:51',	NULL),
(1,	426,	'2023-04-20 21:41:51',	NULL),
(1,	436,	'2023-04-20 21:41:51',	NULL),
(1,	437,	'2023-04-20 21:41:51',	NULL),
(1,	438,	'2023-04-20 21:41:51',	NULL),
(1,	455,	'2023-04-20 21:41:52',	NULL),
(1,	465,	'2023-04-20 21:41:52',	NULL),
(1,	467,	'2023-04-20 21:41:52',	NULL),
(1,	471,	'2023-04-20 21:41:52',	NULL),
(1,	472,	'2023-04-20 21:41:52',	NULL),
(1,	473,	'2023-04-20 21:41:52',	NULL),
(1,	480,	'2023-04-20 21:41:52',	NULL),
(1,	481,	'2023-04-20 21:41:52',	NULL),
(1,	482,	'2023-04-20 21:41:52',	NULL),
(1,	483,	'2023-04-20 21:41:52',	NULL),
(1,	484,	'2023-04-20 21:41:52',	NULL),
(1,	485,	'2023-04-20 21:41:52',	NULL),
(1,	487,	'2023-04-20 21:41:52',	NULL),
(1,	488,	'2023-04-20 21:41:52',	NULL),
(2,	6,	'2023-04-20 21:41:43',	NULL),
(2,	7,	'2023-04-20 21:41:44',	NULL),
(2,	8,	'2023-04-20 21:41:44',	NULL),
(2,	9,	'2023-04-20 21:41:44',	NULL),
(2,	10,	'2023-04-20 21:41:44',	NULL),
(2,	12,	'2023-04-20 21:41:44',	NULL),
(2,	13,	'2023-04-20 21:41:44',	NULL),
(2,	14,	'2023-04-20 21:41:44',	NULL),
(2,	16,	'2023-04-20 21:41:44',	NULL),
(2,	17,	'2023-04-20 21:41:44',	NULL),
(2,	18,	'2023-04-20 21:41:44',	NULL),
(2,	33,	'2023-04-20 21:41:44',	NULL),
(2,	38,	'2023-04-20 21:41:44',	NULL),
(2,	39,	'2023-04-20 21:41:44',	NULL),
(2,	45,	'2023-04-20 21:41:44',	NULL),
(2,	57,	'2023-04-20 21:41:45',	NULL),
(2,	60,	'2023-04-20 21:41:45',	NULL),
(2,	65,	'2023-04-20 21:41:45',	NULL),
(2,	71,	'2023-04-20 21:41:45',	NULL),
(2,	72,	'2023-04-20 21:41:45',	NULL),
(2,	75,	'2023-04-20 21:41:45',	NULL),
(2,	77,	'2023-04-20 21:41:45',	NULL),
(2,	81,	'2023-04-20 21:41:45',	NULL),
(2,	82,	'2023-04-20 21:41:45',	NULL),
(2,	83,	'2023-04-20 21:41:45',	NULL),
(2,	85,	'2023-04-20 21:41:45',	NULL),
(2,	86,	'2023-04-20 21:41:45',	NULL),
(2,	87,	'2023-04-20 21:41:45',	NULL),
(2,	89,	'2023-04-20 21:41:45',	NULL),
(2,	91,	'2023-04-20 21:41:45',	NULL),
(2,	96,	'2023-04-20 21:41:45',	NULL),
(2,	97,	'2023-04-20 21:41:45',	NULL),
(2,	98,	'2023-04-20 21:41:45',	NULL),
(2,	99,	'2023-04-20 21:41:45',	NULL),
(2,	102,	'2023-04-20 21:41:45',	NULL),
(2,	103,	'2023-04-20 21:41:45',	NULL),
(2,	104,	'2023-04-20 21:41:45',	NULL),
(2,	105,	'2023-04-20 21:41:45',	NULL),
(2,	106,	'2023-04-20 21:41:45',	NULL),
(2,	108,	'2023-04-20 21:41:46',	NULL),
(2,	109,	'2023-04-20 21:41:46',	NULL),
(2,	111,	'2023-04-20 21:41:46',	NULL),
(2,	114,	'2023-04-20 21:41:46',	NULL),
(2,	116,	'2023-04-20 21:41:46',	NULL),
(2,	117,	'2023-04-20 21:41:46',	NULL),
(2,	119,	'2023-04-20 21:41:46',	NULL),
(2,	123,	'2023-04-20 21:41:46',	NULL),
(2,	128,	'2023-04-20 21:41:46',	NULL),
(2,	131,	'2023-04-20 21:41:46',	NULL),
(2,	132,	'2023-04-20 21:41:46',	NULL),
(2,	133,	'2023-04-20 21:41:46',	NULL),
(2,	134,	'2023-04-20 21:41:46',	NULL),
(2,	137,	'2023-04-20 21:41:46',	NULL),
(2,	140,	'2023-04-20 21:41:46',	NULL),
(2,	141,	'2023-04-20 21:41:46',	NULL),
(2,	149,	'2023-04-20 21:41:46',	NULL),
(2,	150,	'2023-04-20 21:41:46',	NULL),
(2,	152,	'2023-04-20 21:41:46',	NULL),
(2,	155,	'2023-04-20 21:41:46',	NULL),
(2,	156,	'2023-04-20 21:41:46',	NULL),
(2,	158,	'2023-04-20 21:41:46',	NULL),
(2,	159,	'2023-04-20 21:41:46',	NULL),
(2,	160,	'2023-04-20 21:41:46',	NULL),
(2,	167,	'2023-04-20 21:41:46',	NULL),
(2,	169,	'2023-04-20 21:41:47',	NULL),
(2,	173,	'2023-04-20 21:41:47',	NULL),
(2,	174,	'2023-04-20 21:41:47',	NULL),
(2,	177,	'2023-04-20 21:41:47',	NULL),
(2,	180,	'2023-04-20 21:41:47',	NULL),
(2,	181,	'2023-04-20 21:41:47',	NULL),
(2,	182,	'2023-04-20 21:41:47',	NULL),
(2,	183,	'2023-04-20 21:41:47',	NULL),
(2,	184,	'2023-04-20 21:41:47',	NULL),
(2,	186,	'2023-04-20 21:41:47',	NULL),
(2,	187,	'2023-04-20 21:41:47',	NULL),
(2,	188,	'2023-04-20 21:41:47',	NULL),
(2,	201,	'2023-04-20 21:41:47',	NULL),
(2,	205,	'2023-04-20 21:41:47',	NULL),
(2,	208,	'2023-04-20 21:41:47',	NULL),
(2,	210,	'2023-04-20 21:41:47',	NULL),
(2,	211,	'2023-04-20 21:41:47',	NULL),
(2,	219,	'2023-04-20 21:41:47',	NULL),
(2,	224,	'2023-04-20 21:41:48',	NULL),
(2,	225,	'2023-04-20 21:41:48',	NULL),
(2,	226,	'2023-04-20 21:41:48',	NULL),
(2,	227,	'2023-04-20 21:41:48',	NULL),
(2,	228,	'2023-04-20 21:41:48',	NULL),
(2,	231,	'2023-04-20 21:41:48',	NULL),
(2,	234,	'2023-04-20 21:41:48',	NULL),
(2,	235,	'2023-04-20 21:41:48',	NULL),
(2,	236,	'2023-04-20 21:41:48',	NULL),
(2,	237,	'2023-04-20 21:41:48',	NULL),
(2,	239,	'2023-04-20 21:41:48',	NULL),
(2,	240,	'2023-04-20 21:41:48',	NULL),
(2,	241,	'2023-04-20 21:41:48',	NULL),
(2,	242,	'2023-04-20 21:41:48',	NULL),
(2,	243,	'2023-04-20 21:41:48',	NULL),
(2,	245,	'2023-04-20 21:41:48',	NULL),
(2,	247,	'2023-04-20 21:41:48',	NULL),
(2,	250,	'2023-04-20 21:41:48',	NULL),
(2,	251,	'2023-04-20 21:41:48',	NULL),
(2,	255,	'2023-04-20 21:41:48',	NULL),
(2,	256,	'2023-04-20 21:41:48',	NULL),
(2,	264,	'2023-04-20 21:41:48',	NULL),
(2,	277,	'2023-04-20 21:41:48',	NULL),
(2,	280,	'2023-04-20 21:41:49',	NULL),
(2,	281,	'2023-04-20 21:41:49',	NULL),
(2,	282,	'2023-04-20 21:41:49',	NULL),
(2,	283,	'2023-04-20 21:41:49',	NULL),
(2,	284,	'2023-04-20 21:41:49',	NULL),
(2,	285,	'2023-04-20 21:41:49',	NULL),
(2,	286,	'2023-04-20 21:41:49',	NULL),
(2,	288,	'2023-04-20 21:41:49',	NULL),
(2,	289,	'2023-04-20 21:41:49',	NULL),
(2,	290,	'2023-04-20 21:41:49',	NULL),
(2,	291,	'2023-04-20 21:41:49',	NULL),
(2,	293,	'2023-04-20 21:41:49',	NULL),
(2,	295,	'2023-04-20 21:41:49',	NULL),
(2,	298,	'2023-04-20 21:41:49',	NULL),
(2,	299,	'2023-04-20 21:41:49',	NULL),
(2,	303,	'2023-04-20 21:41:49',	NULL),
(2,	306,	'2023-04-20 21:41:49',	NULL),
(2,	307,	'2023-04-20 21:41:49',	NULL),
(2,	308,	'2023-04-20 21:41:49',	NULL),
(2,	310,	'2023-04-20 21:41:49',	NULL),
(2,	311,	'2023-04-20 21:41:49',	NULL),
(2,	313,	'2023-04-20 21:41:49',	NULL),
(2,	314,	'2023-04-20 21:41:49',	NULL),
(2,	315,	'2023-04-20 21:41:49',	NULL),
(2,	316,	'2023-04-20 21:41:49',	NULL),
(2,	317,	'2023-04-20 21:41:49',	NULL),
(2,	318,	'2023-04-20 21:41:49',	NULL),
(2,	319,	'2023-04-20 21:41:49',	NULL),
(2,	320,	'2023-04-20 21:41:49',	NULL),
(2,	321,	'2023-04-20 21:41:49',	NULL),
(2,	322,	'2023-04-20 21:41:49',	NULL),
(2,	323,	'2023-04-20 21:41:49',	NULL),
(2,	324,	'2023-04-20 21:41:49',	NULL),
(2,	334,	'2023-04-20 21:41:49',	NULL),
(2,	338,	'2023-04-20 21:41:50',	NULL),
(2,	339,	'2023-04-20 21:41:50',	NULL),
(2,	340,	'2023-04-20 21:41:50',	NULL),
(2,	347,	'2023-04-20 21:41:50',	NULL),
(2,	348,	'2023-04-20 21:41:50',	NULL),
(2,	350,	'2023-04-20 21:41:50',	NULL),
(2,	351,	'2023-04-20 21:41:50',	NULL),
(2,	352,	'2023-04-20 21:41:50',	NULL),
(2,	354,	'2023-04-20 21:41:50',	NULL),
(2,	355,	'2023-04-20 21:41:50',	NULL),
(2,	358,	'2023-04-20 21:41:50',	NULL),
(2,	360,	'2023-04-20 21:41:50',	NULL),
(2,	361,	'2023-04-20 21:41:50',	NULL),
(2,	363,	'2023-04-20 21:41:50',	NULL),
(2,	364,	'2023-04-20 21:41:50',	NULL),
(2,	369,	'2023-04-20 21:41:50',	NULL),
(2,	370,	'2023-04-20 21:41:50',	NULL),
(2,	371,	'2023-04-20 21:41:50',	NULL),
(2,	372,	'2023-04-20 21:41:50',	NULL),
(2,	383,	'2023-04-20 21:41:50',	NULL),
(2,	384,	'2023-04-20 21:41:50',	NULL),
(2,	386,	'2023-04-20 21:41:50',	NULL),
(2,	387,	'2023-04-20 21:41:50',	NULL),
(2,	388,	'2023-04-20 21:41:50',	NULL),
(2,	391,	'2023-04-20 21:41:50',	NULL),
(2,	392,	'2023-04-20 21:41:50',	NULL),
(2,	394,	'2023-04-20 21:41:50',	NULL),
(2,	395,	'2023-04-20 21:41:51',	NULL),
(2,	401,	'2023-04-20 21:41:51',	NULL),
(2,	402,	'2023-04-20 21:41:51',	NULL),
(2,	403,	'2023-04-20 21:41:51',	NULL),
(2,	404,	'2023-04-20 21:41:51',	NULL),
(2,	405,	'2023-04-20 21:41:51',	NULL),
(2,	406,	'2023-04-20 21:41:51',	NULL),
(2,	407,	'2023-04-20 21:41:51',	NULL),
(2,	408,	'2023-04-20 21:41:51',	NULL),
(2,	412,	'2023-04-20 21:41:51',	NULL),
(2,	413,	'2023-04-20 21:41:51',	NULL),
(2,	414,	'2023-04-20 21:41:51',	NULL),
(2,	416,	'2023-04-20 21:41:51',	NULL),
(2,	423,	'2023-04-20 21:41:51',	NULL),
(2,	425,	'2023-04-20 21:41:51',	NULL),
(2,	429,	'2023-04-20 21:41:51',	NULL),
(2,	430,	'2023-04-20 21:41:51',	NULL),
(2,	432,	'2023-04-20 21:41:51',	NULL),
(2,	433,	'2023-04-20 21:41:51',	NULL),
(2,	434,	'2023-04-20 21:41:51',	NULL),
(2,	435,	'2023-04-20 21:41:51',	NULL),
(2,	439,	'2023-04-20 21:41:51',	NULL),
(2,	440,	'2023-04-20 21:41:51',	NULL),
(2,	441,	'2023-04-20 21:41:51',	NULL),
(2,	442,	'2023-04-20 21:41:51',	NULL),
(2,	443,	'2023-04-20 21:41:51',	NULL),
(2,	444,	'2023-04-20 21:41:51',	NULL),
(2,	445,	'2023-04-20 21:41:51',	NULL),
(2,	447,	'2023-04-20 21:41:51',	NULL),
(2,	448,	'2023-04-20 21:41:51',	NULL),
(2,	454,	'2023-04-20 21:41:52',	NULL),
(2,	456,	'2023-04-20 21:41:52',	NULL),
(2,	457,	'2023-04-20 21:41:52',	NULL),
(2,	462,	'2023-04-20 21:41:52',	NULL),
(2,	463,	'2023-04-20 21:41:52',	NULL),
(2,	464,	'2023-04-20 21:41:52',	NULL),
(2,	470,	'2023-04-20 21:41:52',	NULL),
(2,	479,	'2023-04-20 21:41:52',	NULL),
(2,	486,	'2023-04-20 21:41:52',	NULL),
(2,	489,	'2023-04-20 21:41:52',	NULL),
(2,	490,	'2023-04-20 21:41:52',	NULL),
(2,	491,	'2023-04-20 21:41:52',	NULL),
(2,	492,	'2023-04-20 21:41:52',	NULL),
(2,	493,	'2023-04-20 21:41:52',	NULL),
(2,	494,	'2023-04-20 21:41:52',	NULL),
(3,	23,	'2023-04-20 21:41:44',	NULL),
(3,	24,	'2023-04-20 21:41:44',	NULL),
(3,	26,	'2023-04-20 21:41:44',	NULL),
(3,	36,	'2023-04-20 21:41:44',	NULL),
(3,	59,	'2023-04-20 21:41:45',	NULL),
(3,	61,	'2023-04-20 21:41:45',	NULL),
(3,	62,	'2023-04-20 21:41:45',	NULL),
(3,	63,	'2023-04-20 21:41:45',	NULL),
(3,	64,	'2023-04-20 21:41:45',	NULL),
(3,	69,	'2023-04-20 21:41:45',	NULL),
(3,	70,	'2023-04-20 21:41:45',	NULL),
(3,	93,	'2023-04-20 21:41:45',	NULL),
(3,	94,	'2023-04-20 21:41:45',	NULL),
(3,	95,	'2023-04-20 21:41:45',	NULL),
(3,	100,	'2023-04-20 21:41:45',	NULL),
(3,	113,	'2023-04-20 21:41:46',	NULL),
(3,	115,	'2023-04-20 21:41:46',	NULL),
(3,	130,	'2023-04-20 21:41:46',	NULL),
(3,	164,	'2023-04-20 21:41:46',	NULL),
(3,	165,	'2023-04-20 21:41:46',	NULL),
(3,	207,	'2023-04-20 21:41:47',	NULL),
(3,	209,	'2023-04-20 21:41:47',	NULL),
(3,	213,	'2023-04-20 21:41:47',	NULL),
(3,	214,	'2023-04-20 21:41:47',	NULL),
(3,	215,	'2023-04-20 21:41:47',	NULL),
(3,	216,	'2023-04-20 21:41:47',	NULL),
(3,	218,	'2023-04-20 21:41:47',	NULL),
(3,	238,	'2023-04-20 21:41:48',	NULL),
(3,	263,	'2023-04-20 21:41:48',	NULL),
(3,	266,	'2023-04-20 21:41:48',	NULL),
(3,	267,	'2023-04-20 21:41:48',	NULL),
(3,	276,	'2023-04-20 21:41:48',	NULL),
(3,	326,	'2023-04-20 21:41:49',	NULL),
(3,	332,	'2023-04-20 21:41:49',	NULL),
(3,	341,	'2023-04-20 21:41:50',	NULL),
(3,	342,	'2023-04-20 21:41:50',	NULL),
(3,	343,	'2023-04-20 21:41:50',	NULL),
(3,	344,	'2023-04-20 21:41:50',	NULL),
(3,	345,	'2023-04-20 21:41:50',	NULL),
(3,	376,	'2023-04-20 21:41:50',	NULL),
(3,	377,	'2023-04-20 21:41:50',	NULL),
(3,	379,	'2023-04-20 21:41:50',	NULL),
(3,	380,	'2023-04-20 21:41:50',	NULL),
(3,	381,	'2023-04-20 21:41:50',	NULL),
(3,	382,	'2023-04-20 21:41:50',	NULL),
(3,	389,	'2023-04-20 21:41:50',	NULL),
(3,	400,	'2023-04-20 21:41:51',	NULL),
(3,	427,	'2023-04-20 21:41:51',	NULL),
(3,	446,	'2023-04-20 21:41:51',	NULL),
(3,	450,	'2023-04-20 21:41:52',	NULL),
(3,	451,	'2023-04-20 21:41:52',	NULL),
(3,	468,	'2023-04-20 21:41:52',	NULL),
(3,	495,	'2023-04-20 21:44:26',	NULL),
(4,	25,	'2023-04-20 21:41:44',	NULL),
(4,	47,	'2023-04-20 21:41:44',	NULL),
(4,	59,	'2023-04-20 21:41:45',	NULL),
(4,	68,	'2023-04-20 21:41:45',	NULL),
(4,	112,	'2023-04-20 21:41:46',	NULL),
(4,	120,	'2023-04-20 21:41:46',	NULL),
(4,	121,	'2023-04-20 21:41:46',	NULL),
(4,	122,	'2023-04-20 21:41:46',	NULL),
(4,	124,	'2023-04-20 21:41:46',	NULL),
(4,	125,	'2023-04-20 21:41:46',	NULL),
(4,	138,	'2023-04-20 21:41:46',	NULL),
(4,	139,	'2023-04-20 21:41:46',	NULL),
(4,	143,	'2023-04-20 21:41:46',	NULL),
(4,	162,	'2023-04-20 21:41:46',	NULL),
(4,	193,	'2023-04-20 21:41:47',	NULL),
(4,	194,	'2023-04-20 21:41:47',	NULL),
(4,	195,	'2023-04-20 21:41:47',	NULL),
(4,	196,	'2023-04-20 21:41:47',	NULL),
(4,	197,	'2023-04-20 21:41:47',	NULL),
(4,	222,	'2023-04-20 21:41:48',	NULL),
(4,	244,	'2023-04-20 21:41:48',	NULL),
(4,	258,	'2023-04-20 21:41:48',	NULL),
(4,	262,	'2023-04-20 21:41:48',	NULL),
(4,	268,	'2023-04-20 21:41:48',	NULL),
(4,	270,	'2023-04-20 21:41:48',	NULL),
(4,	292,	'2023-04-20 21:41:49',	NULL),
(4,	294,	'2023-04-20 21:41:49',	NULL),
(4,	296,	'2023-04-20 21:41:49',	NULL),
(4,	297,	'2023-04-20 21:41:49',	NULL),
(4,	300,	'2023-04-20 21:41:49',	NULL),
(4,	301,	'2023-04-20 21:41:49',	NULL),
(4,	302,	'2023-04-20 21:41:49',	NULL),
(4,	353,	'2023-04-20 21:41:50',	NULL),
(4,	356,	'2023-04-20 21:41:50',	NULL),
(4,	357,	'2023-04-20 21:41:50',	NULL),
(4,	393,	'2023-04-20 21:41:50',	NULL),
(4,	396,	'2023-04-20 21:41:51',	NULL),
(4,	410,	'2023-04-20 21:41:51',	NULL),
(4,	415,	'2023-04-20 21:41:51',	NULL),
(4,	428,	'2023-04-20 21:41:51',	NULL),
(4,	431,	'2023-04-20 21:41:51',	NULL),
(4,	449,	'2023-04-20 21:41:51',	NULL),
(4,	450,	'2023-04-20 21:41:52',	NULL),
(4,	452,	'2023-04-20 21:41:52',	NULL),
(4,	453,	'2023-04-20 21:41:52',	NULL),
(4,	458,	'2023-04-20 21:41:52',	NULL),
(4,	460,	'2023-04-20 21:41:52',	NULL),
(4,	461,	'2023-04-20 21:41:52',	NULL),
(4,	466,	'2023-04-20 21:41:52',	NULL),
(4,	469,	'2023-04-20 21:41:52',	NULL),
(4,	474,	'2023-04-20 21:41:52',	NULL),
(4,	475,	'2023-04-20 21:41:52',	NULL),
(4,	476,	'2023-04-20 21:41:52',	NULL),
(4,	477,	'2023-04-20 21:41:52',	NULL),
(4,	478,	'2023-04-20 21:41:52',	NULL),
(5,	28,	'2023-04-20 21:41:44',	NULL),
(5,	30,	'2023-04-20 21:41:44',	NULL),
(5,	88,	'2023-04-20 21:41:45',	NULL),
(5,	129,	'2023-04-20 21:41:46',	NULL),
(5,	135,	'2023-04-20 21:41:46',	NULL),
(5,	141,	'2023-04-20 21:41:46',	NULL),
(5,	203,	'2023-04-20 21:41:47',	NULL),
(5,	214,	'2023-04-20 21:41:47',	NULL),
(5,	252,	'2023-04-20 21:41:48',	NULL),
(5,	397,	'2023-04-20 21:41:51',	NULL),
(5,	398,	'2023-04-20 21:41:51',	NULL),
(5,	411,	'2023-04-20 21:41:51',	NULL),
(5,	459,	'2023-04-20 21:41:52',	NULL),
(5,	495,	'2023-04-20 21:44:26',	NULL),
(6,	29,	'2023-04-20 21:41:44',	NULL),
(6,	79,	'2023-04-20 21:41:45',	NULL),
(6,	153,	'2023-04-20 21:41:46',	NULL),
(6,	154,	'2023-04-20 21:41:46',	NULL),
(6,	204,	'2023-04-20 21:41:47',	NULL),
(6,	206,	'2023-04-20 21:41:47',	NULL),
(6,	325,	'2023-04-20 21:41:49',	NULL),
(6,	327,	'2023-04-20 21:41:49',	NULL),
(6,	328,	'2023-04-20 21:41:49',	NULL),
(6,	329,	'2023-04-20 21:41:49',	NULL),
(6,	330,	'2023-04-20 21:41:49',	NULL),
(6,	331,	'2023-04-20 21:41:49',	NULL),
(6,	332,	'2023-04-20 21:41:49',	NULL),
(6,	333,	'2023-04-20 21:41:49',	NULL),
(6,	334,	'2023-04-20 21:41:49',	NULL),
(6,	335,	'2023-04-20 21:41:50',	NULL),
(6,	336,	'2023-04-20 21:41:50',	NULL);

TRUNCATE `place_like`;

TRUNCATE `place_type`;
INSERT INTO `place_type` (`id`, `created_at`, `deleted_at`, `name`) VALUES
(1,	'2023-04-20 20:12:04',	NULL,	'음식점'),
(2,	'2023-04-20 20:12:04',	NULL,	'숙소'),
(3,	'2023-04-20 20:12:04',	NULL,	'카페'),
(4,	'2023-04-20 20:12:04',	NULL,	'쇼핑'),
(5,	'2023-04-20 20:12:04',	NULL,	'관광지'),
(6,	'2023-04-20 20:12:04',	NULL,	'문화시설'),
(7,	'2023-04-20 20:12:04',	NULL,	'액티비티/체험'),
(8,	'2023-04-20 20:12:04',	NULL,	'공원'),
(9,	'2023-04-20 20:12:04',	NULL,	'기타');

TRUNCATE `place_type_group`;
INSERT INTO `place_type_group` (`place_id`, `place_type_id`, `created_at`, `deleted_at`) VALUES
(5,	6,	'2023-04-20 21:41:43',	NULL),
(6,	6,	'2023-04-20 21:41:43',	NULL),
(7,	1,	'2023-04-20 21:41:44',	NULL),
(8,	1,	'2023-04-20 21:41:44',	NULL),
(9,	1,	'2023-04-20 21:41:44',	NULL),
(10,	2,	'2023-04-20 21:41:44',	NULL),
(11,	1,	'2023-04-20 21:41:44',	NULL),
(12,	3,	'2023-04-20 21:41:44',	NULL),
(13,	3,	'2023-04-20 21:41:44',	NULL),
(14,	3,	'2023-04-20 21:41:44',	NULL),
(15,	4,	'2023-04-20 21:41:44',	NULL),
(16,	3,	'2023-04-20 21:41:44',	NULL),
(17,	1,	'2023-04-20 21:41:44',	NULL),
(18,	1,	'2023-04-20 21:41:44',	NULL),
(19,	5,	'2023-04-20 21:41:44',	NULL),
(20,	3,	'2023-04-20 21:41:44',	NULL),
(21,	3,	'2023-04-20 21:41:44',	NULL),
(22,	9,	'2023-04-20 21:41:44',	NULL),
(23,	6,	'2023-04-20 21:41:44',	NULL),
(24,	3,	'2023-04-20 21:41:44',	NULL),
(25,	6,	'2023-04-20 21:41:44',	NULL),
(26,	5,	'2023-04-20 21:41:44',	NULL),
(27,	1,	'2023-04-20 21:41:44',	NULL),
(27,	3,	'2023-04-20 21:41:44',	NULL),
(28,	1,	'2023-04-20 21:41:44',	NULL),
(28,	3,	'2023-04-20 21:41:44',	NULL),
(29,	3,	'2023-04-20 21:41:44',	NULL),
(30,	5,	'2023-04-20 21:41:44',	NULL),
(31,	1,	'2023-04-20 21:41:44',	NULL),
(32,	1,	'2023-04-20 21:41:44',	NULL),
(33,	3,	'2023-04-20 21:41:44',	NULL),
(34,	3,	'2023-04-20 21:41:44',	NULL),
(35,	3,	'2023-04-20 21:41:44',	NULL),
(36,	1,	'2023-04-20 21:41:44',	NULL),
(36,	3,	'2023-04-20 21:41:44',	NULL),
(37,	3,	'2023-04-20 21:41:44',	NULL),
(38,	2,	'2023-04-20 21:41:44',	NULL),
(39,	7,	'2023-04-20 21:41:44',	NULL),
(40,	6,	'2023-04-20 21:41:44',	NULL),
(41,	3,	'2023-04-20 21:41:44',	NULL),
(42,	3,	'2023-04-20 21:41:44',	NULL),
(43,	1,	'2023-04-20 21:41:44',	NULL),
(44,	3,	'2023-04-20 21:41:44',	NULL),
(45,	4,	'2023-04-20 21:41:44',	NULL),
(46,	6,	'2023-04-20 21:41:44',	NULL),
(47,	3,	'2023-04-20 21:41:44',	NULL),
(48,	8,	'2023-04-20 21:41:44',	NULL),
(49,	3,	'2023-04-20 21:41:44',	NULL),
(50,	4,	'2023-04-20 21:41:44',	NULL),
(51,	1,	'2023-04-20 21:41:44',	NULL),
(52,	5,	'2023-04-20 21:41:44',	NULL),
(53,	4,	'2023-04-20 21:41:45',	NULL),
(54,	1,	'2023-04-20 21:41:45',	NULL),
(55,	4,	'2023-04-20 21:41:45',	NULL),
(56,	7,	'2023-04-20 21:41:45',	NULL),
(57,	7,	'2023-04-20 21:41:45',	NULL),
(58,	3,	'2023-04-20 21:41:45',	NULL),
(59,	7,	'2023-04-20 21:41:45',	NULL),
(60,	5,	'2023-04-20 21:41:45',	NULL),
(61,	3,	'2023-04-20 21:41:45',	NULL),
(62,	7,	'2023-04-20 21:41:45',	NULL),
(63,	9,	'2023-04-20 21:41:45',	NULL),
(64,	9,	'2023-04-20 21:41:45',	NULL),
(65,	4,	'2023-04-20 21:41:45',	NULL),
(66,	1,	'2023-04-20 21:41:45',	NULL),
(67,	5,	'2023-04-20 21:41:45',	NULL),
(68,	4,	'2023-04-20 21:41:45',	NULL),
(69,	2,	'2023-04-20 21:41:45',	NULL),
(70,	3,	'2023-04-20 21:41:45',	NULL),
(70,	6,	'2023-04-20 21:41:45',	NULL),
(71,	7,	'2023-04-20 21:41:45',	NULL),
(72,	2,	'2023-04-20 21:41:45',	NULL),
(73,	1,	'2023-04-20 21:41:45',	NULL),
(74,	3,	'2023-04-20 21:41:45',	NULL),
(75,	8,	'2023-04-20 21:41:45',	NULL),
(76,	4,	'2023-04-20 21:41:45',	NULL),
(77,	7,	'2023-04-20 21:41:45',	NULL),
(78,	3,	'2023-04-20 21:41:45',	NULL),
(79,	1,	'2023-04-20 21:41:45',	NULL),
(80,	9,	'2023-04-20 21:41:45',	NULL),
(81,	9,	'2023-04-20 21:41:45',	NULL),
(82,	9,	'2023-04-20 21:41:45',	NULL),
(83,	1,	'2023-04-20 21:41:45',	NULL),
(84,	9,	'2023-04-20 21:41:45',	NULL),
(85,	5,	'2023-04-20 21:41:45',	NULL),
(86,	4,	'2023-04-20 21:41:45',	NULL),
(87,	1,	'2023-04-20 21:41:45',	NULL),
(88,	3,	'2023-04-20 21:41:45',	NULL),
(89,	3,	'2023-04-20 21:41:45',	NULL),
(90,	6,	'2023-04-20 21:41:45',	NULL),
(91,	2,	'2023-04-20 21:41:45',	NULL),
(92,	5,	'2023-04-20 21:41:45',	NULL),
(93,	9,	'2023-04-20 21:41:45',	NULL),
(94,	9,	'2023-04-20 21:41:45',	NULL),
(95,	9,	'2023-04-20 21:41:45',	NULL),
(96,	9,	'2023-04-20 21:41:45',	NULL),
(97,	4,	'2023-04-20 21:41:45',	NULL),
(98,	5,	'2023-04-20 21:41:45',	NULL),
(99,	3,	'2023-04-20 21:41:45',	NULL),
(100,	1,	'2023-04-20 21:41:45',	NULL),
(101,	3,	'2023-04-20 21:41:45',	NULL),
(102,	3,	'2023-04-20 21:41:45',	NULL),
(103,	1,	'2023-04-20 21:41:45',	NULL),
(104,	7,	'2023-04-20 21:41:45',	NULL),
(105,	2,	'2023-04-20 21:41:45',	NULL),
(106,	7,	'2023-04-20 21:41:45',	NULL),
(107,	1,	'2023-04-20 21:41:45',	NULL),
(107,	3,	'2023-04-20 21:41:45',	NULL),
(108,	1,	'2023-04-20 21:41:46',	NULL),
(109,	5,	'2023-04-20 21:41:46',	NULL),
(110,	7,	'2023-04-20 21:41:46',	NULL),
(111,	7,	'2023-04-20 21:41:46',	NULL),
(112,	6,	'2023-04-20 21:41:46',	NULL),
(113,	5,	'2023-04-20 21:41:46',	NULL),
(114,	2,	'2023-04-20 21:41:46',	NULL),
(115,	9,	'2023-04-20 21:41:46',	NULL),
(116,	5,	'2023-04-20 21:41:46',	NULL),
(117,	1,	'2023-04-20 21:41:46',	NULL),
(118,	1,	'2023-04-20 21:41:46',	NULL),
(119,	4,	'2023-04-20 21:41:46',	NULL),
(120,	1,	'2023-04-20 21:41:46',	NULL),
(121,	9,	'2023-04-20 21:41:46',	NULL),
(122,	1,	'2023-04-20 21:41:46',	NULL),
(123,	1,	'2023-04-20 21:41:46',	NULL),
(124,	9,	'2023-04-20 21:41:46',	NULL),
(125,	4,	'2023-04-20 21:41:46',	NULL),
(126,	1,	'2023-04-20 21:41:46',	NULL),
(127,	4,	'2023-04-20 21:41:46',	NULL),
(128,	5,	'2023-04-20 21:41:46',	NULL),
(129,	2,	'2023-04-20 21:41:46',	NULL),
(130,	7,	'2023-04-20 21:41:46',	NULL),
(131,	5,	'2023-04-20 21:41:46',	NULL),
(132,	5,	'2023-04-20 21:41:46',	NULL),
(133,	1,	'2023-04-20 21:41:46',	NULL),
(134,	9,	'2023-04-20 21:41:46',	NULL),
(135,	1,	'2023-04-20 21:41:46',	NULL),
(136,	1,	'2023-04-20 21:41:46',	NULL),
(137,	7,	'2023-04-20 21:41:46',	NULL),
(138,	1,	'2023-04-20 21:41:46',	NULL),
(139,	4,	'2023-04-20 21:41:46',	NULL),
(140,	8,	'2023-04-20 21:41:46',	NULL),
(141,	7,	'2023-04-20 21:41:46',	NULL),
(142,	4,	'2023-04-20 21:41:46',	NULL),
(143,	3,	'2023-04-20 21:41:46',	NULL),
(144,	4,	'2023-04-20 21:41:46',	NULL),
(145,	1,	'2023-04-20 21:41:46',	NULL),
(146,	1,	'2023-04-20 21:41:46',	NULL),
(147,	1,	'2023-04-20 21:41:46',	NULL),
(148,	3,	'2023-04-20 21:41:46',	NULL),
(149,	7,	'2023-04-20 21:41:46',	NULL),
(150,	5,	'2023-04-20 21:41:46',	NULL),
(151,	4,	'2023-04-20 21:41:46',	NULL),
(152,	1,	'2023-04-20 21:41:46',	NULL),
(153,	3,	'2023-04-20 21:41:46',	NULL),
(154,	7,	'2023-04-20 21:41:46',	NULL),
(155,	3,	'2023-04-20 21:41:46',	NULL),
(156,	3,	'2023-04-20 21:41:46',	NULL),
(157,	1,	'2023-04-20 21:41:46',	NULL),
(158,	2,	'2023-04-20 21:41:46',	NULL),
(159,	7,	'2023-04-20 21:41:46',	NULL),
(160,	9,	'2023-04-20 21:41:46',	NULL),
(161,	2,	'2023-04-20 21:41:46',	NULL),
(162,	8,	'2023-04-20 21:41:46',	NULL),
(163,	5,	'2023-04-20 21:41:46',	NULL),
(164,	5,	'2023-04-20 21:41:46',	NULL),
(165,	3,	'2023-04-20 21:41:46',	NULL),
(166,	1,	'2023-04-20 21:41:46',	NULL),
(167,	1,	'2023-04-20 21:41:46',	NULL),
(168,	3,	'2023-04-20 21:41:47',	NULL),
(169,	7,	'2023-04-20 21:41:47',	NULL),
(170,	3,	'2023-04-20 21:41:47',	NULL),
(171,	3,	'2023-04-20 21:41:47',	NULL),
(172,	5,	'2023-04-20 21:41:47',	NULL),
(173,	6,	'2023-04-20 21:41:47',	NULL),
(174,	2,	'2023-04-20 21:41:47',	NULL),
(175,	1,	'2023-04-20 21:41:47',	NULL),
(176,	5,	'2023-04-20 21:41:47',	NULL),
(177,	2,	'2023-04-20 21:41:47',	NULL),
(178,	1,	'2023-04-20 21:41:47',	NULL),
(179,	8,	'2023-04-20 21:41:47',	NULL),
(180,	1,	'2023-04-20 21:41:47',	NULL),
(181,	2,	'2023-04-20 21:41:47',	NULL),
(182,	3,	'2023-04-20 21:41:47',	NULL),
(183,	2,	'2023-04-20 21:41:47',	NULL),
(184,	1,	'2023-04-20 21:41:47',	NULL),
(185,	6,	'2023-04-20 21:41:47',	NULL),
(186,	3,	'2023-04-20 21:41:47',	NULL),
(187,	1,	'2023-04-20 21:41:47',	NULL),
(188,	1,	'2023-04-20 21:41:47',	NULL),
(189,	3,	'2023-04-20 21:41:47',	NULL),
(190,	3,	'2023-04-20 21:41:47',	NULL),
(191,	1,	'2023-04-20 21:41:47',	NULL),
(192,	9,	'2023-04-20 21:41:47',	NULL),
(193,	5,	'2023-04-20 21:41:47',	NULL),
(194,	5,	'2023-04-20 21:41:47',	NULL),
(195,	3,	'2023-04-20 21:41:47',	NULL),
(196,	9,	'2023-04-20 21:41:47',	NULL),
(197,	2,	'2023-04-20 21:41:47',	NULL),
(198,	8,	'2023-04-20 21:41:47',	NULL),
(199,	1,	'2023-04-20 21:41:47',	NULL),
(200,	1,	'2023-04-20 21:41:47',	NULL),
(201,	9,	'2023-04-20 21:41:47',	NULL),
(202,	5,	'2023-04-20 21:41:47',	NULL),
(203,	2,	'2023-04-20 21:41:47',	NULL),
(204,	5,	'2023-04-20 21:41:47',	NULL),
(205,	2,	'2023-04-20 21:41:47',	NULL),
(206,	2,	'2023-04-20 21:41:47',	NULL),
(207,	9,	'2023-04-20 21:41:47',	NULL),
(208,	9,	'2023-04-20 21:41:47',	NULL),
(209,	7,	'2023-04-20 21:41:47',	NULL),
(210,	5,	'2023-04-20 21:41:47',	NULL),
(211,	2,	'2023-04-20 21:41:47',	NULL),
(212,	1,	'2023-04-20 21:41:47',	NULL),
(213,	7,	'2023-04-20 21:41:47',	NULL),
(214,	3,	'2023-04-20 21:41:47',	NULL),
(214,	6,	'2023-04-20 21:41:47',	NULL),
(215,	5,	'2023-04-20 21:41:47',	NULL),
(216,	7,	'2023-04-20 21:41:47',	NULL),
(217,	5,	'2023-04-20 21:41:47',	NULL),
(218,	5,	'2023-04-20 21:41:47',	NULL),
(219,	2,	'2023-04-20 21:41:47',	NULL),
(220,	5,	'2023-04-20 21:41:47',	NULL),
(221,	1,	'2023-04-20 21:41:48',	NULL),
(222,	1,	'2023-04-20 21:41:48',	NULL),
(223,	1,	'2023-04-20 21:41:48',	NULL),
(224,	7,	'2023-04-20 21:41:48',	NULL),
(225,	1,	'2023-04-20 21:41:48',	NULL),
(226,	7,	'2023-04-20 21:41:48',	NULL),
(227,	1,	'2023-04-20 21:41:48',	NULL),
(228,	7,	'2023-04-20 21:41:48',	NULL),
(229,	8,	'2023-04-20 21:41:48',	NULL),
(230,	3,	'2023-04-20 21:41:48',	NULL),
(231,	7,	'2023-04-20 21:41:48',	NULL),
(232,	4,	'2023-04-20 21:41:48',	NULL),
(233,	5,	'2023-04-20 21:41:48',	NULL),
(234,	6,	'2023-04-20 21:41:48',	NULL),
(235,	1,	'2023-04-20 21:41:48',	NULL),
(236,	3,	'2023-04-20 21:41:48',	NULL),
(237,	9,	'2023-04-20 21:41:48',	NULL),
(238,	4,	'2023-04-20 21:41:48',	NULL),
(239,	2,	'2023-04-20 21:41:48',	NULL),
(240,	6,	'2023-04-20 21:41:48',	NULL),
(241,	7,	'2023-04-20 21:41:48',	NULL),
(242,	8,	'2023-04-20 21:41:48',	NULL),
(243,	7,	'2023-04-20 21:41:48',	NULL),
(244,	9,	'2023-04-20 21:41:48',	NULL),
(245,	1,	'2023-04-20 21:41:48',	NULL),
(246,	1,	'2023-04-20 21:41:48',	NULL),
(247,	7,	'2023-04-20 21:41:48',	NULL),
(248,	5,	'2023-04-20 21:41:48',	NULL),
(249,	1,	'2023-04-20 21:41:48',	NULL),
(250,	5,	'2023-04-20 21:41:48',	NULL),
(251,	1,	'2023-04-20 21:41:48',	NULL),
(252,	9,	'2023-04-20 21:41:48',	NULL),
(253,	1,	'2023-04-20 21:41:48',	NULL),
(254,	9,	'2023-04-20 21:41:48',	NULL),
(255,	5,	'2023-04-20 21:41:48',	NULL),
(256,	7,	'2023-04-20 21:41:48',	NULL),
(257,	3,	'2023-04-20 21:41:48',	NULL),
(258,	5,	'2023-04-20 21:41:48',	NULL),
(259,	1,	'2023-04-20 21:41:48',	NULL),
(260,	8,	'2023-04-20 21:41:48',	NULL),
(261,	1,	'2023-04-20 21:41:48',	NULL),
(262,	1,	'2023-04-20 21:41:48',	NULL),
(263,	7,	'2023-04-20 21:41:48',	NULL),
(264,	2,	'2023-04-20 21:41:48',	NULL),
(265,	1,	'2023-04-20 21:41:48',	NULL),
(266,	9,	'2023-04-20 21:41:48',	NULL),
(267,	9,	'2023-04-20 21:41:48',	NULL),
(268,	1,	'2023-04-20 21:41:48',	NULL),
(269,	3,	'2023-04-20 21:41:48',	NULL),
(270,	1,	'2023-04-20 21:41:48',	NULL),
(271,	1,	'2023-04-20 21:41:48',	NULL),
(272,	5,	'2023-04-20 21:41:48',	NULL),
(273,	1,	'2023-04-20 21:41:48',	NULL),
(274,	1,	'2023-04-20 21:41:48',	NULL),
(275,	1,	'2023-04-20 21:41:48',	NULL),
(276,	9,	'2023-04-20 21:41:48',	NULL),
(277,	9,	'2023-04-20 21:41:48',	NULL),
(278,	4,	'2023-04-20 21:41:48',	NULL),
(279,	5,	'2023-04-20 21:41:48',	NULL),
(280,	5,	'2023-04-20 21:41:49',	NULL),
(281,	1,	'2023-04-20 21:41:49',	NULL),
(282,	2,	'2023-04-20 21:41:49',	NULL),
(283,	7,	'2023-04-20 21:41:49',	NULL),
(284,	7,	'2023-04-20 21:41:49',	NULL),
(285,	1,	'2023-04-20 21:41:49',	NULL),
(286,	2,	'2023-04-20 21:41:49',	NULL),
(287,	3,	'2023-04-20 21:41:49',	NULL),
(288,	5,	'2023-04-20 21:41:49',	NULL),
(289,	1,	'2023-04-20 21:41:49',	NULL),
(290,	7,	'2023-04-20 21:41:49',	NULL),
(291,	3,	'2023-04-20 21:41:49',	NULL),
(292,	5,	'2023-04-20 21:41:49',	NULL),
(293,	9,	'2023-04-20 21:41:49',	NULL),
(294,	5,	'2023-04-20 21:41:49',	NULL),
(295,	3,	'2023-04-20 21:41:49',	NULL),
(296,	7,	'2023-04-20 21:41:49',	NULL),
(297,	9,	'2023-04-20 21:41:49',	NULL),
(298,	7,	'2023-04-20 21:41:49',	NULL),
(299,	1,	'2023-04-20 21:41:49',	NULL),
(300,	3,	'2023-04-20 21:41:49',	NULL),
(301,	4,	'2023-04-20 21:41:49',	NULL),
(302,	1,	'2023-04-20 21:41:49',	NULL),
(303,	8,	'2023-04-20 21:41:49',	NULL),
(304,	1,	'2023-04-20 21:41:49',	NULL),
(305,	2,	'2023-04-20 21:41:49',	NULL),
(306,	8,	'2023-04-20 21:41:49',	NULL),
(307,	9,	'2023-04-20 21:41:49',	NULL),
(308,	1,	'2023-04-20 21:41:49',	NULL),
(309,	9,	'2023-04-20 21:41:49',	NULL),
(310,	6,	'2023-04-20 21:41:49',	NULL),
(311,	8,	'2023-04-20 21:41:49',	NULL),
(312,	5,	'2023-04-20 21:41:49',	NULL),
(313,	4,	'2023-04-20 21:41:49',	NULL),
(314,	5,	'2023-04-20 21:41:49',	NULL),
(315,	5,	'2023-04-20 21:41:49',	NULL),
(316,	1,	'2023-04-20 21:41:49',	NULL),
(317,	1,	'2023-04-20 21:41:49',	NULL),
(318,	1,	'2023-04-20 21:41:49',	NULL),
(319,	1,	'2023-04-20 21:41:49',	NULL),
(320,	5,	'2023-04-20 21:41:49',	NULL),
(321,	7,	'2023-04-20 21:41:49',	NULL),
(322,	1,	'2023-04-20 21:41:49',	NULL),
(323,	7,	'2023-04-20 21:41:49',	NULL),
(324,	5,	'2023-04-20 21:41:49',	NULL),
(325,	9,	'2023-04-20 21:41:49',	NULL),
(326,	9,	'2023-04-20 21:41:49',	NULL),
(327,	9,	'2023-04-20 21:41:49',	NULL),
(328,	1,	'2023-04-20 21:41:49',	NULL),
(329,	4,	'2023-04-20 21:41:49',	NULL),
(330,	4,	'2023-04-20 21:41:49',	NULL),
(331,	9,	'2023-04-20 21:41:49',	NULL),
(332,	9,	'2023-04-20 21:41:49',	NULL),
(333,	5,	'2023-04-20 21:41:49',	NULL),
(334,	6,	'2023-04-20 21:41:49',	NULL),
(335,	9,	'2023-04-20 21:41:50',	NULL),
(336,	7,	'2023-04-20 21:41:50',	NULL),
(337,	3,	'2023-04-20 21:41:50',	NULL),
(338,	5,	'2023-04-20 21:41:50',	NULL),
(339,	1,	'2023-04-20 21:41:50',	NULL),
(340,	1,	'2023-04-20 21:41:50',	NULL),
(341,	2,	'2023-04-20 21:41:50',	NULL),
(342,	9,	'2023-04-20 21:41:50',	NULL),
(343,	4,	'2023-04-20 21:41:50',	NULL),
(344,	4,	'2023-04-20 21:41:50',	NULL),
(345,	8,	'2023-04-20 21:41:50',	NULL),
(346,	1,	'2023-04-20 21:41:50',	NULL),
(347,	3,	'2023-04-20 21:41:50',	NULL),
(348,	7,	'2023-04-20 21:41:50',	NULL),
(349,	2,	'2023-04-20 21:41:50',	NULL),
(350,	1,	'2023-04-20 21:41:50',	NULL),
(351,	4,	'2023-04-20 21:41:50',	NULL),
(352,	7,	'2023-04-20 21:41:50',	NULL),
(353,	7,	'2023-04-20 21:41:50',	NULL),
(354,	2,	'2023-04-20 21:41:50',	NULL),
(355,	6,	'2023-04-20 21:41:50',	NULL),
(356,	4,	'2023-04-20 21:41:50',	NULL),
(357,	3,	'2023-04-20 21:41:50',	NULL),
(358,	4,	'2023-04-20 21:41:50',	NULL),
(359,	1,	'2023-04-20 21:41:50',	NULL),
(360,	7,	'2023-04-20 21:41:50',	NULL),
(361,	1,	'2023-04-20 21:41:50',	NULL),
(362,	7,	'2023-04-20 21:41:50',	NULL),
(363,	6,	'2023-04-20 21:41:50',	NULL),
(364,	1,	'2023-04-20 21:41:50',	NULL),
(365,	1,	'2023-04-20 21:41:50',	NULL),
(366,	1,	'2023-04-20 21:41:50',	NULL),
(367,	1,	'2023-04-20 21:41:50',	NULL),
(368,	1,	'2023-04-20 21:41:50',	NULL),
(369,	4,	'2023-04-20 21:41:50',	NULL),
(370,	7,	'2023-04-20 21:41:50',	NULL),
(371,	9,	'2023-04-20 21:41:50',	NULL),
(372,	4,	'2023-04-20 21:41:50',	NULL),
(373,	7,	'2023-04-20 21:41:50',	NULL),
(374,	3,	'2023-04-20 21:41:50',	NULL),
(375,	1,	'2023-04-20 21:41:50',	NULL),
(376,	9,	'2023-04-20 21:41:50',	NULL),
(377,	7,	'2023-04-20 21:41:50',	NULL),
(378,	1,	'2023-04-20 21:41:50',	NULL),
(379,	7,	'2023-04-20 21:41:50',	NULL),
(380,	6,	'2023-04-20 21:41:50',	NULL),
(381,	3,	'2023-04-20 21:41:50',	NULL),
(382,	5,	'2023-04-20 21:41:50',	NULL),
(383,	5,	'2023-04-20 21:41:50',	NULL),
(384,	3,	'2023-04-20 21:41:50',	NULL),
(385,	5,	'2023-04-20 21:41:50',	NULL),
(386,	4,	'2023-04-20 21:41:50',	NULL),
(387,	8,	'2023-04-20 21:41:50',	NULL),
(388,	5,	'2023-04-20 21:41:50',	NULL),
(389,	6,	'2023-04-20 21:41:50',	NULL),
(390,	3,	'2023-04-20 21:41:50',	NULL),
(391,	7,	'2023-04-20 21:41:50',	NULL),
(392,	7,	'2023-04-20 21:41:50',	NULL),
(393,	4,	'2023-04-20 21:41:50',	NULL),
(394,	1,	'2023-04-20 21:41:50',	NULL),
(395,	1,	'2023-04-20 21:41:51',	NULL),
(396,	9,	'2023-04-20 21:41:51',	NULL),
(397,	9,	'2023-04-20 21:41:51',	NULL),
(398,	9,	'2023-04-20 21:41:51',	NULL),
(399,	1,	'2023-04-20 21:41:51',	NULL),
(400,	9,	'2023-04-20 21:41:51',	NULL),
(401,	2,	'2023-04-20 21:41:51',	NULL),
(402,	5,	'2023-04-20 21:41:51',	NULL),
(403,	2,	'2023-04-20 21:41:51',	NULL),
(404,	6,	'2023-04-20 21:41:51',	NULL),
(405,	6,	'2023-04-20 21:41:51',	NULL),
(406,	6,	'2023-04-20 21:41:51',	NULL),
(407,	4,	'2023-04-20 21:41:51',	NULL),
(408,	3,	'2023-04-20 21:41:51',	NULL),
(409,	1,	'2023-04-20 21:41:51',	NULL),
(410,	5,	'2023-04-20 21:41:51',	NULL),
(411,	2,	'2023-04-20 21:41:51',	NULL),
(412,	1,	'2023-04-20 21:41:51',	NULL),
(413,	4,	'2023-04-20 21:41:51',	NULL),
(414,	2,	'2023-04-20 21:41:51',	NULL),
(415,	1,	'2023-04-20 21:41:51',	NULL),
(416,	9,	'2023-04-20 21:41:51',	NULL),
(417,	4,	'2023-04-20 21:41:51',	NULL),
(418,	3,	'2023-04-20 21:41:51',	NULL),
(419,	3,	'2023-04-20 21:41:51',	NULL),
(420,	3,	'2023-04-20 21:41:51',	NULL),
(421,	1,	'2023-04-20 21:41:51',	NULL),
(422,	1,	'2023-04-20 21:41:51',	NULL),
(423,	3,	'2023-04-20 21:41:51',	NULL),
(424,	7,	'2023-04-20 21:41:51',	NULL),
(425,	5,	'2023-04-20 21:41:51',	NULL),
(426,	1,	'2023-04-20 21:41:51',	NULL),
(427,	3,	'2023-04-20 21:41:51',	NULL),
(428,	5,	'2023-04-20 21:41:51',	NULL),
(429,	4,	'2023-04-20 21:41:51',	NULL),
(430,	1,	'2023-04-20 21:41:51',	NULL),
(431,	2,	'2023-04-20 21:41:51',	NULL),
(432,	1,	'2023-04-20 21:41:51',	NULL),
(433,	3,	'2023-04-20 21:41:51',	NULL),
(434,	4,	'2023-04-20 21:41:51',	NULL),
(435,	3,	'2023-04-20 21:41:51',	NULL),
(436,	1,	'2023-04-20 21:41:51',	NULL),
(437,	3,	'2023-04-20 21:41:51',	NULL),
(438,	1,	'2023-04-20 21:41:51',	NULL),
(439,	4,	'2023-04-20 21:41:51',	NULL),
(440,	8,	'2023-04-20 21:41:51',	NULL),
(441,	3,	'2023-04-20 21:41:51',	NULL),
(442,	1,	'2023-04-20 21:41:51',	NULL),
(443,	1,	'2023-04-20 21:41:51',	NULL),
(444,	9,	'2023-04-20 21:41:51',	NULL),
(445,	1,	'2023-04-20 21:41:51',	NULL),
(446,	9,	'2023-04-20 21:41:51',	NULL),
(447,	1,	'2023-04-20 21:41:51',	NULL),
(448,	4,	'2023-04-20 21:41:51',	NULL),
(449,	8,	'2023-04-20 21:41:51',	NULL),
(450,	3,	'2023-04-20 21:41:52',	NULL),
(450,	6,	'2023-04-20 21:41:52',	NULL),
(451,	1,	'2023-04-20 21:41:52',	NULL),
(452,	7,	'2023-04-20 21:41:52',	NULL),
(453,	1,	'2023-04-20 21:41:52',	NULL),
(454,	9,	'2023-04-20 21:41:52',	NULL),
(455,	5,	'2023-04-20 21:41:52',	NULL),
(456,	9,	'2023-04-20 21:41:52',	NULL),
(457,	1,	'2023-04-20 21:41:52',	NULL),
(458,	7,	'2023-04-20 21:41:52',	NULL),
(459,	9,	'2023-04-20 21:41:52',	NULL),
(460,	6,	'2023-04-20 21:41:52',	NULL),
(461,	3,	'2023-04-20 21:41:52',	NULL),
(462,	1,	'2023-04-20 21:41:52',	NULL),
(463,	1,	'2023-04-20 21:41:52',	NULL),
(464,	7,	'2023-04-20 21:41:52',	NULL),
(465,	3,	'2023-04-20 21:41:52',	NULL),
(466,	9,	'2023-04-20 21:41:52',	NULL),
(467,	1,	'2023-04-20 21:41:52',	NULL),
(468,	9,	'2023-04-20 21:41:52',	NULL),
(469,	3,	'2023-04-20 21:41:52',	NULL),
(470,	1,	'2023-04-20 21:41:52',	NULL),
(471,	3,	'2023-04-20 21:41:52',	NULL),
(472,	3,	'2023-04-20 21:41:52',	NULL),
(473,	9,	'2023-04-20 21:41:52',	NULL),
(474,	1,	'2023-04-20 21:41:52',	NULL),
(475,	9,	'2023-04-20 21:41:52',	NULL),
(476,	8,	'2023-04-20 21:41:52',	NULL),
(477,	1,	'2023-04-20 21:41:52',	NULL),
(478,	9,	'2023-04-20 21:41:52',	NULL),
(479,	7,	'2023-04-20 21:41:52',	NULL),
(480,	1,	'2023-04-20 21:41:52',	NULL),
(481,	1,	'2023-04-20 21:41:52',	NULL),
(482,	1,	'2023-04-20 21:41:52',	NULL),
(483,	1,	'2023-04-20 21:41:52',	NULL),
(484,	1,	'2023-04-20 21:41:52',	NULL),
(485,	3,	'2023-04-20 21:41:52',	NULL),
(486,	1,	'2023-04-20 21:41:52',	NULL),
(487,	4,	'2023-04-20 21:41:52',	NULL),
(488,	3,	'2023-04-20 21:41:52',	NULL),
(489,	5,	'2023-04-20 21:41:52',	NULL),
(490,	1,	'2023-04-20 21:41:52',	NULL),
(491,	7,	'2023-04-20 21:41:52',	NULL),
(492,	5,	'2023-04-20 21:41:52',	NULL),
(493,	7,	'2023-04-20 21:41:52',	NULL),
(494,	3,	'2023-04-20 21:41:52',	NULL),
(494,	5,	'2023-04-20 21:41:52',	NULL),
(495,	9,	'2023-04-20 21:44:26',	NULL);

TRUNCATE `place_unit`;
INSERT INTO `place_unit` (`place_id`, `unit_id`, `created_at`, `deleted_at`) VALUES
(5,	1,	'2023-04-20 21:41:43',	NULL),
(6,	1,	'2023-04-20 21:41:43',	NULL),
(7,	1,	'2023-04-20 21:41:44',	NULL),
(8,	1,	'2023-04-20 21:41:44',	NULL),
(8,	2,	'2023-04-20 21:41:44',	NULL),
(9,	3,	'2023-04-20 21:41:44',	NULL),
(10,	3,	'2023-04-20 21:41:44',	NULL),
(11,	2,	'2023-04-20 21:41:44',	NULL),
(12,	3,	'2023-04-20 21:41:44',	NULL),
(13,	3,	'2023-04-20 21:41:44',	NULL),
(14,	1,	'2023-04-20 21:41:44',	NULL),
(15,	1,	'2023-04-20 21:41:44',	NULL),
(16,	1,	'2023-04-20 21:41:44',	NULL),
(17,	1,	'2023-04-20 21:41:44',	NULL),
(18,	1,	'2023-04-20 21:41:44',	NULL),
(19,	4,	'2023-04-20 21:41:44',	NULL),
(20,	1,	'2023-04-20 21:41:44',	NULL),
(21,	1,	'2023-04-20 21:41:44',	NULL),
(22,	1,	'2023-04-20 21:41:44',	NULL),
(23,	1,	'2023-04-20 21:41:44',	NULL),
(24,	1,	'2023-04-20 21:41:44',	NULL),
(25,	1,	'2023-04-20 21:41:44',	NULL),
(26,	1,	'2023-04-20 21:41:44',	NULL),
(27,	1,	'2023-04-20 21:41:44',	NULL),
(28,	1,	'2023-04-20 21:41:44',	NULL),
(29,	1,	'2023-04-20 21:41:44',	NULL),
(30,	1,	'2023-04-20 21:41:44',	NULL),
(31,	1,	'2023-04-20 21:41:44',	NULL),
(32,	1,	'2023-04-20 21:41:44',	NULL),
(33,	1,	'2023-04-20 21:41:44',	NULL),
(34,	1,	'2023-04-20 21:41:44',	NULL),
(35,	1,	'2023-04-20 21:41:44',	NULL),
(36,	2,	'2023-04-20 21:41:44',	NULL),
(36,	4,	'2023-04-20 21:41:44',	NULL),
(37,	1,	'2023-04-20 21:41:44',	NULL),
(38,	4,	'2023-04-20 21:41:44',	NULL),
(39,	4,	'2023-04-20 21:41:44',	NULL),
(40,	1,	'2023-04-20 21:41:44',	NULL),
(41,	1,	'2023-04-20 21:41:44',	NULL),
(42,	1,	'2023-04-20 21:41:44',	NULL),
(43,	1,	'2023-04-20 21:41:44',	NULL),
(44,	1,	'2023-04-20 21:41:44',	NULL),
(45,	1,	'2023-04-20 21:41:44',	NULL),
(46,	1,	'2023-04-20 21:41:44',	NULL),
(47,	1,	'2023-04-20 21:41:44',	NULL),
(48,	1,	'2023-04-20 21:41:44',	NULL),
(49,	1,	'2023-04-20 21:41:44',	NULL),
(50,	1,	'2023-04-20 21:41:44',	NULL),
(51,	1,	'2023-04-20 21:41:44',	NULL),
(52,	3,	'2023-04-20 21:41:44',	NULL),
(53,	3,	'2023-04-20 21:41:45',	NULL),
(54,	1,	'2023-04-20 21:41:45',	NULL),
(55,	1,	'2023-04-20 21:41:45',	NULL),
(56,	1,	'2023-04-20 21:41:45',	NULL),
(56,	3,	'2023-04-20 21:41:45',	NULL),
(57,	2,	'2023-04-20 21:41:45',	NULL),
(58,	1,	'2023-04-20 21:41:45',	NULL),
(59,	2,	'2023-04-20 21:41:45',	NULL),
(59,	4,	'2023-04-20 21:41:45',	NULL),
(60,	2,	'2023-04-20 21:41:45',	NULL),
(61,	3,	'2023-04-20 21:41:45',	NULL),
(62,	3,	'2023-04-20 21:41:45',	NULL),
(63,	3,	'2023-04-20 21:41:45',	NULL),
(64,	3,	'2023-04-20 21:41:45',	NULL),
(65,	2,	'2023-04-20 21:41:45',	NULL),
(66,	1,	'2023-04-20 21:41:45',	NULL),
(67,	1,	'2023-04-20 21:41:45',	NULL),
(68,	1,	'2023-04-20 21:41:45',	NULL),
(69,	3,	'2023-04-20 21:41:45',	NULL),
(70,	3,	'2023-04-20 21:41:45',	NULL),
(71,	4,	'2023-04-20 21:41:45',	NULL),
(72,	2,	'2023-04-20 21:41:45',	NULL),
(73,	1,	'2023-04-20 21:41:45',	NULL),
(74,	1,	'2023-04-20 21:41:45',	NULL),
(75,	2,	'2023-04-20 21:41:45',	NULL),
(76,	1,	'2023-04-20 21:41:45',	NULL),
(77,	4,	'2023-04-20 21:41:45',	NULL),
(78,	1,	'2023-04-20 21:41:45',	NULL),
(79,	1,	'2023-04-20 21:41:45',	NULL),
(80,	1,	'2023-04-20 21:41:45',	NULL),
(81,	1,	'2023-04-20 21:41:45',	NULL),
(82,	1,	'2023-04-20 21:41:45',	NULL),
(83,	1,	'2023-04-20 21:41:45',	NULL),
(84,	2,	'2023-04-20 21:41:45',	NULL),
(85,	1,	'2023-04-20 21:41:45',	NULL),
(86,	1,	'2023-04-20 21:41:45',	NULL),
(87,	1,	'2023-04-20 21:41:45',	NULL),
(88,	1,	'2023-04-20 21:41:45',	NULL),
(89,	1,	'2023-04-20 21:41:45',	NULL),
(90,	2,	'2023-04-20 21:41:45',	NULL),
(91,	3,	'2023-04-20 21:41:45',	NULL),
(92,	2,	'2023-04-20 21:41:45',	NULL),
(93,	1,	'2023-04-20 21:41:45',	NULL),
(94,	1,	'2023-04-20 21:41:45',	NULL),
(95,	1,	'2023-04-20 21:41:45',	NULL),
(96,	1,	'2023-04-20 21:41:45',	NULL),
(97,	1,	'2023-04-20 21:41:45',	NULL),
(98,	1,	'2023-04-20 21:41:45',	NULL),
(98,	3,	'2023-04-20 21:41:45',	NULL),
(99,	1,	'2023-04-20 21:41:45',	NULL),
(100,	1,	'2023-04-20 21:41:45',	NULL),
(101,	1,	'2023-04-20 21:41:45',	NULL),
(102,	1,	'2023-04-20 21:41:45',	NULL),
(103,	1,	'2023-04-20 21:41:45',	NULL),
(104,	4,	'2023-04-20 21:41:45',	NULL),
(105,	1,	'2023-04-20 21:41:45',	NULL),
(106,	1,	'2023-04-20 21:41:45',	NULL),
(107,	1,	'2023-04-20 21:41:45',	NULL),
(108,	3,	'2023-04-20 21:41:46',	NULL),
(109,	1,	'2023-04-20 21:41:46',	NULL),
(109,	3,	'2023-04-20 21:41:46',	NULL),
(110,	2,	'2023-04-20 21:41:46',	NULL),
(111,	1,	'2023-04-20 21:41:46',	NULL),
(112,	1,	'2023-04-20 21:41:46',	NULL),
(113,	4,	'2023-04-20 21:41:46',	NULL),
(114,	1,	'2023-04-20 21:41:46',	NULL),
(115,	4,	'2023-04-20 21:41:46',	NULL),
(116,	2,	'2023-04-20 21:41:46',	NULL),
(117,	1,	'2023-04-20 21:41:46',	NULL),
(118,	4,	'2023-04-20 21:41:46',	NULL),
(119,	1,	'2023-04-20 21:41:46',	NULL),
(120,	1,	'2023-04-20 21:41:46',	NULL),
(121,	1,	'2023-04-20 21:41:46',	NULL),
(122,	1,	'2023-04-20 21:41:46',	NULL),
(123,	1,	'2023-04-20 21:41:46',	NULL),
(124,	1,	'2023-04-20 21:41:46',	NULL),
(125,	1,	'2023-04-20 21:41:46',	NULL),
(125,	2,	'2023-04-20 21:41:46',	NULL),
(125,	3,	'2023-04-20 21:41:46',	NULL),
(125,	4,	'2023-04-20 21:41:46',	NULL),
(126,	1,	'2023-04-20 21:41:46',	NULL),
(127,	1,	'2023-04-20 21:41:46',	NULL),
(128,	4,	'2023-04-20 21:41:46',	NULL),
(129,	1,	'2023-04-20 21:41:46',	NULL),
(130,	3,	'2023-04-20 21:41:46',	NULL),
(130,	4,	'2023-04-20 21:41:46',	NULL),
(131,	4,	'2023-04-20 21:41:46',	NULL),
(132,	4,	'2023-04-20 21:41:46',	NULL),
(133,	4,	'2023-04-20 21:41:46',	NULL),
(134,	4,	'2023-04-20 21:41:46',	NULL),
(135,	1,	'2023-04-20 21:41:46',	NULL),
(135,	4,	'2023-04-20 21:41:46',	NULL),
(136,	1,	'2023-04-20 21:41:46',	NULL),
(137,	4,	'2023-04-20 21:41:46',	NULL),
(138,	2,	'2023-04-20 21:41:46',	NULL),
(139,	2,	'2023-04-20 21:41:46',	NULL),
(140,	1,	'2023-04-20 21:41:46',	NULL),
(141,	1,	'2023-04-20 21:41:46',	NULL),
(141,	3,	'2023-04-20 21:41:46',	NULL),
(142,	3,	'2023-04-20 21:41:46',	NULL),
(143,	2,	'2023-04-20 21:41:46',	NULL),
(144,	1,	'2023-04-20 21:41:46',	NULL),
(145,	1,	'2023-04-20 21:41:46',	NULL),
(145,	4,	'2023-04-20 21:41:46',	NULL),
(146,	1,	'2023-04-20 21:41:46',	NULL),
(147,	1,	'2023-04-20 21:41:46',	NULL),
(147,	4,	'2023-04-20 21:41:46',	NULL),
(148,	2,	'2023-04-20 21:41:46',	NULL),
(149,	2,	'2023-04-20 21:41:46',	NULL),
(149,	4,	'2023-04-20 21:41:46',	NULL),
(150,	2,	'2023-04-20 21:41:46',	NULL),
(150,	4,	'2023-04-20 21:41:46',	NULL),
(151,	1,	'2023-04-20 21:41:46',	NULL),
(152,	2,	'2023-04-20 21:41:46',	NULL),
(153,	1,	'2023-04-20 21:41:46',	NULL),
(154,	2,	'2023-04-20 21:41:46',	NULL),
(155,	2,	'2023-04-20 21:41:46',	NULL),
(155,	4,	'2023-04-20 21:41:46',	NULL),
(156,	2,	'2023-04-20 21:41:46',	NULL),
(157,	2,	'2023-04-20 21:41:46',	NULL),
(158,	4,	'2023-04-20 21:41:46',	NULL),
(159,	1,	'2023-04-20 21:41:46',	NULL),
(160,	3,	'2023-04-20 21:41:46',	NULL),
(161,	2,	'2023-04-20 21:41:46',	NULL),
(162,	3,	'2023-04-20 21:41:46',	NULL),
(163,	1,	'2023-04-20 21:41:46',	NULL),
(164,	4,	'2023-04-20 21:41:46',	NULL),
(165,	2,	'2023-04-20 21:41:46',	NULL),
(166,	4,	'2023-04-20 21:41:46',	NULL),
(167,	1,	'2023-04-20 21:41:46',	NULL),
(168,	1,	'2023-04-20 21:41:47',	NULL),
(169,	2,	'2023-04-20 21:41:47',	NULL),
(170,	3,	'2023-04-20 21:41:47',	NULL),
(171,	2,	'2023-04-20 21:41:47',	NULL),
(172,	1,	'2023-04-20 21:41:47',	NULL),
(173,	1,	'2023-04-20 21:41:47',	NULL),
(173,	3,	'2023-04-20 21:41:47',	NULL),
(174,	4,	'2023-04-20 21:41:47',	NULL),
(175,	2,	'2023-04-20 21:41:47',	NULL),
(176,	1,	'2023-04-20 21:41:47',	NULL),
(177,	1,	'2023-04-20 21:41:47',	NULL),
(178,	1,	'2023-04-20 21:41:47',	NULL),
(178,	2,	'2023-04-20 21:41:47',	NULL),
(179,	1,	'2023-04-20 21:41:47',	NULL),
(180,	1,	'2023-04-20 21:41:47',	NULL),
(181,	1,	'2023-04-20 21:41:47',	NULL),
(182,	4,	'2023-04-20 21:41:47',	NULL),
(183,	1,	'2023-04-20 21:41:47',	NULL),
(184,	1,	'2023-04-20 21:41:47',	NULL),
(185,	1,	'2023-04-20 21:41:47',	NULL),
(186,	1,	'2023-04-20 21:41:47',	NULL),
(186,	4,	'2023-04-20 21:41:47',	NULL),
(187,	2,	'2023-04-20 21:41:47',	NULL),
(188,	2,	'2023-04-20 21:41:47',	NULL),
(189,	1,	'2023-04-20 21:41:47',	NULL),
(190,	2,	'2023-04-20 21:41:47',	NULL),
(191,	2,	'2023-04-20 21:41:47',	NULL),
(192,	2,	'2023-04-20 21:41:47',	NULL),
(193,	1,	'2023-04-20 21:41:47',	NULL),
(194,	1,	'2023-04-20 21:41:47',	NULL),
(195,	1,	'2023-04-20 21:41:47',	NULL),
(196,	1,	'2023-04-20 21:41:47',	NULL),
(197,	1,	'2023-04-20 21:41:47',	NULL),
(198,	1,	'2023-04-20 21:41:47',	NULL),
(199,	1,	'2023-04-20 21:41:47',	NULL),
(200,	2,	'2023-04-20 21:41:47',	NULL),
(201,	1,	'2023-04-20 21:41:47',	NULL),
(202,	2,	'2023-04-20 21:41:47',	NULL),
(203,	1,	'2023-04-20 21:41:47',	NULL),
(204,	4,	'2023-04-20 21:41:47',	NULL),
(205,	4,	'2023-04-20 21:41:47',	NULL),
(206,	4,	'2023-04-20 21:41:47',	NULL),
(207,	3,	'2023-04-20 21:41:47',	NULL),
(208,	3,	'2023-04-20 21:41:47',	NULL),
(209,	3,	'2023-04-20 21:41:47',	NULL),
(210,	3,	'2023-04-20 21:41:47',	NULL),
(211,	3,	'2023-04-20 21:41:47',	NULL),
(212,	4,	'2023-04-20 21:41:47',	NULL),
(213,	3,	'2023-04-20 21:41:47',	NULL),
(214,	1,	'2023-04-20 21:41:47',	NULL),
(214,	3,	'2023-04-20 21:41:47',	NULL),
(215,	3,	'2023-04-20 21:41:47',	NULL),
(216,	3,	'2023-04-20 21:41:47',	NULL),
(217,	1,	'2023-04-20 21:41:47',	NULL),
(218,	3,	'2023-04-20 21:41:47',	NULL),
(219,	3,	'2023-04-20 21:41:47',	NULL),
(220,	2,	'2023-04-20 21:41:47',	NULL),
(221,	1,	'2023-04-20 21:41:48',	NULL),
(222,	3,	'2023-04-20 21:41:48',	NULL),
(223,	1,	'2023-04-20 21:41:48',	NULL),
(224,	2,	'2023-04-20 21:41:48',	NULL),
(225,	2,	'2023-04-20 21:41:48',	NULL),
(226,	2,	'2023-04-20 21:41:48',	NULL),
(227,	2,	'2023-04-20 21:41:48',	NULL),
(228,	2,	'2023-04-20 21:41:48',	NULL),
(229,	1,	'2023-04-20 21:41:48',	NULL),
(230,	1,	'2023-04-20 21:41:48',	NULL),
(231,	2,	'2023-04-20 21:41:48',	NULL),
(232,	1,	'2023-04-20 21:41:48',	NULL),
(233,	2,	'2023-04-20 21:41:48',	NULL),
(234,	2,	'2023-04-20 21:41:48',	NULL),
(235,	1,	'2023-04-20 21:41:48',	NULL),
(235,	4,	'2023-04-20 21:41:48',	NULL),
(236,	1,	'2023-04-20 21:41:48',	NULL),
(237,	1,	'2023-04-20 21:41:48',	NULL),
(238,	1,	'2023-04-20 21:41:48',	NULL),
(238,	2,	'2023-04-20 21:41:48',	NULL),
(239,	4,	'2023-04-20 21:41:48',	NULL),
(240,	4,	'2023-04-20 21:41:48',	NULL),
(241,	4,	'2023-04-20 21:41:48',	NULL),
(242,	4,	'2023-04-20 21:41:48',	NULL),
(243,	2,	'2023-04-20 21:41:48',	NULL),
(244,	3,	'2023-04-20 21:41:48',	NULL),
(245,	3,	'2023-04-20 21:41:48',	NULL),
(246,	1,	'2023-04-20 21:41:48',	NULL),
(247,	1,	'2023-04-20 21:41:48',	NULL),
(248,	1,	'2023-04-20 21:41:48',	NULL),
(249,	2,	'2023-04-20 21:41:48',	NULL),
(250,	4,	'2023-04-20 21:41:48',	NULL),
(251,	4,	'2023-04-20 21:41:48',	NULL),
(252,	1,	'2023-04-20 21:41:48',	NULL),
(253,	2,	'2023-04-20 21:41:48',	NULL),
(254,	4,	'2023-04-20 21:41:48',	NULL),
(255,	4,	'2023-04-20 21:41:48',	NULL),
(256,	4,	'2023-04-20 21:41:48',	NULL),
(257,	1,	'2023-04-20 21:41:48',	NULL),
(258,	1,	'2023-04-20 21:41:48',	NULL),
(259,	1,	'2023-04-20 21:41:48',	NULL),
(259,	2,	'2023-04-20 21:41:48',	NULL),
(259,	4,	'2023-04-20 21:41:48',	NULL),
(260,	1,	'2023-04-20 21:41:48',	NULL),
(261,	2,	'2023-04-20 21:41:48',	NULL),
(262,	1,	'2023-04-20 21:41:48',	NULL),
(263,	4,	'2023-04-20 21:41:48',	NULL),
(264,	4,	'2023-04-20 21:41:48',	NULL),
(265,	2,	'2023-04-20 21:41:48',	NULL),
(266,	1,	'2023-04-20 21:41:48',	NULL),
(267,	1,	'2023-04-20 21:41:48',	NULL),
(268,	1,	'2023-04-20 21:41:48',	NULL),
(269,	1,	'2023-04-20 21:41:48',	NULL),
(270,	1,	'2023-04-20 21:41:48',	NULL),
(271,	1,	'2023-04-20 21:41:48',	NULL),
(271,	4,	'2023-04-20 21:41:48',	NULL),
(272,	2,	'2023-04-20 21:41:48',	NULL),
(272,	3,	'2023-04-20 21:41:48',	NULL),
(273,	2,	'2023-04-20 21:41:48',	NULL),
(274,	1,	'2023-04-20 21:41:48',	NULL),
(274,	4,	'2023-04-20 21:41:48',	NULL),
(275,	2,	'2023-04-20 21:41:48',	NULL),
(276,	1,	'2023-04-20 21:41:48',	NULL),
(277,	1,	'2023-04-20 21:41:48',	NULL),
(278,	1,	'2023-04-20 21:41:48',	NULL),
(279,	4,	'2023-04-20 21:41:48',	NULL),
(280,	1,	'2023-04-20 21:41:49',	NULL),
(281,	1,	'2023-04-20 21:41:49',	NULL),
(282,	1,	'2023-04-20 21:41:49',	NULL),
(283,	1,	'2023-04-20 21:41:49',	NULL),
(284,	1,	'2023-04-20 21:41:49',	NULL),
(285,	1,	'2023-04-20 21:41:49',	NULL),
(286,	1,	'2023-04-20 21:41:49',	NULL),
(287,	2,	'2023-04-20 21:41:49',	NULL),
(288,	1,	'2023-04-20 21:41:49',	NULL),
(289,	1,	'2023-04-20 21:41:49',	NULL),
(290,	1,	'2023-04-20 21:41:49',	NULL),
(291,	1,	'2023-04-20 21:41:49',	NULL),
(292,	1,	'2023-04-20 21:41:49',	NULL),
(293,	1,	'2023-04-20 21:41:49',	NULL),
(294,	1,	'2023-04-20 21:41:49',	NULL),
(295,	1,	'2023-04-20 21:41:49',	NULL),
(296,	4,	'2023-04-20 21:41:49',	NULL),
(297,	1,	'2023-04-20 21:41:49',	NULL),
(298,	1,	'2023-04-20 21:41:49',	NULL),
(299,	1,	'2023-04-20 21:41:49',	NULL),
(300,	1,	'2023-04-20 21:41:49',	NULL),
(301,	1,	'2023-04-20 21:41:49',	NULL),
(302,	2,	'2023-04-20 21:41:49',	NULL),
(303,	4,	'2023-04-20 21:41:49',	NULL),
(304,	1,	'2023-04-20 21:41:49',	NULL),
(305,	1,	'2023-04-20 21:41:49',	NULL),
(306,	4,	'2023-04-20 21:41:49',	NULL),
(307,	4,	'2023-04-20 21:41:49',	NULL),
(308,	4,	'2023-04-20 21:41:49',	NULL),
(309,	4,	'2023-04-20 21:41:49',	NULL),
(310,	1,	'2023-04-20 21:41:49',	NULL),
(311,	4,	'2023-04-20 21:41:49',	NULL),
(312,	1,	'2023-04-20 21:41:49',	NULL),
(313,	1,	'2023-04-20 21:41:49',	NULL),
(314,	1,	'2023-04-20 21:41:49',	NULL),
(315,	4,	'2023-04-20 21:41:49',	NULL),
(316,	4,	'2023-04-20 21:41:49',	NULL),
(317,	1,	'2023-04-20 21:41:49',	NULL),
(318,	4,	'2023-04-20 21:41:49',	NULL),
(319,	4,	'2023-04-20 21:41:49',	NULL),
(320,	4,	'2023-04-20 21:41:49',	NULL),
(321,	4,	'2023-04-20 21:41:49',	NULL),
(322,	4,	'2023-04-20 21:41:49',	NULL),
(323,	4,	'2023-04-20 21:41:49',	NULL),
(324,	4,	'2023-04-20 21:41:49',	NULL),
(325,	1,	'2023-04-20 21:41:49',	NULL),
(326,	4,	'2023-04-20 21:41:49',	NULL),
(327,	1,	'2023-04-20 21:41:49',	NULL),
(328,	1,	'2023-04-20 21:41:49',	NULL),
(329,	1,	'2023-04-20 21:41:49',	NULL),
(330,	1,	'2023-04-20 21:41:49',	NULL),
(331,	1,	'2023-04-20 21:41:49',	NULL),
(332,	1,	'2023-04-20 21:41:49',	NULL),
(333,	1,	'2023-04-20 21:41:49',	NULL),
(334,	1,	'2023-04-20 21:41:49',	NULL),
(334,	4,	'2023-04-20 21:41:49',	NULL),
(335,	1,	'2023-04-20 21:41:50',	NULL),
(336,	1,	'2023-04-20 21:41:50',	NULL),
(336,	4,	'2023-04-20 21:41:50',	NULL),
(337,	1,	'2023-04-20 21:41:50',	NULL),
(338,	4,	'2023-04-20 21:41:50',	NULL),
(339,	4,	'2023-04-20 21:41:50',	NULL),
(340,	1,	'2023-04-20 21:41:50',	NULL),
(341,	2,	'2023-04-20 21:41:50',	NULL),
(342,	4,	'2023-04-20 21:41:50',	NULL),
(343,	4,	'2023-04-20 21:41:50',	NULL),
(344,	4,	'2023-04-20 21:41:50',	NULL),
(345,	4,	'2023-04-20 21:41:50',	NULL),
(346,	4,	'2023-04-20 21:41:50',	NULL),
(347,	1,	'2023-04-20 21:41:50',	NULL),
(348,	4,	'2023-04-20 21:41:50',	NULL),
(349,	4,	'2023-04-20 21:41:50',	NULL),
(350,	1,	'2023-04-20 21:41:50',	NULL),
(351,	1,	'2023-04-20 21:41:50',	NULL),
(352,	4,	'2023-04-20 21:41:50',	NULL),
(353,	4,	'2023-04-20 21:41:50',	NULL),
(354,	1,	'2023-04-20 21:41:50',	NULL),
(355,	4,	'2023-04-20 21:41:50',	NULL),
(356,	4,	'2023-04-20 21:41:50',	NULL),
(357,	4,	'2023-04-20 21:41:50',	NULL),
(358,	1,	'2023-04-20 21:41:50',	NULL),
(359,	1,	'2023-04-20 21:41:50',	NULL),
(360,	4,	'2023-04-20 21:41:50',	NULL),
(361,	4,	'2023-04-20 21:41:50',	NULL),
(362,	4,	'2023-04-20 21:41:50',	NULL),
(363,	4,	'2023-04-20 21:41:50',	NULL),
(364,	4,	'2023-04-20 21:41:50',	NULL),
(365,	1,	'2023-04-20 21:41:50',	NULL),
(366,	1,	'2023-04-20 21:41:50',	NULL),
(367,	1,	'2023-04-20 21:41:50',	NULL),
(368,	1,	'2023-04-20 21:41:50',	NULL),
(369,	1,	'2023-04-20 21:41:50',	NULL),
(370,	4,	'2023-04-20 21:41:50',	NULL),
(371,	3,	'2023-04-20 21:41:50',	NULL),
(372,	1,	'2023-04-20 21:41:50',	NULL),
(373,	3,	'2023-04-20 21:41:50',	NULL),
(374,	1,	'2023-04-20 21:41:50',	NULL),
(375,	1,	'2023-04-20 21:41:50',	NULL),
(376,	1,	'2023-04-20 21:41:50',	NULL),
(377,	1,	'2023-04-20 21:41:50',	NULL),
(378,	1,	'2023-04-20 21:41:50',	NULL),
(379,	1,	'2023-04-20 21:41:50',	NULL),
(380,	1,	'2023-04-20 21:41:50',	NULL),
(381,	1,	'2023-04-20 21:41:50',	NULL),
(382,	4,	'2023-04-20 21:41:50',	NULL),
(383,	1,	'2023-04-20 21:41:50',	NULL),
(384,	1,	'2023-04-20 21:41:50',	NULL),
(385,	1,	'2023-04-20 21:41:50',	NULL),
(386,	4,	'2023-04-20 21:41:50',	NULL),
(387,	1,	'2023-04-20 21:41:50',	NULL),
(388,	1,	'2023-04-20 21:41:50',	NULL),
(389,	4,	'2023-04-20 21:41:50',	NULL),
(390,	2,	'2023-04-20 21:41:50',	NULL),
(391,	3,	'2023-04-20 21:41:50',	NULL),
(392,	3,	'2023-04-20 21:41:50',	NULL),
(393,	4,	'2023-04-20 21:41:50',	NULL),
(394,	3,	'2023-04-20 21:41:50',	NULL),
(395,	3,	'2023-04-20 21:41:51',	NULL),
(396,	3,	'2023-04-20 21:41:51',	NULL),
(397,	1,	'2023-04-20 21:41:51',	NULL),
(398,	3,	'2023-04-20 21:41:51',	NULL),
(399,	1,	'2023-04-20 21:41:51',	NULL),
(400,	4,	'2023-04-20 21:41:51',	NULL),
(401,	1,	'2023-04-20 21:41:51',	NULL),
(402,	1,	'2023-04-20 21:41:51',	NULL),
(403,	3,	'2023-04-20 21:41:51',	NULL),
(404,	1,	'2023-04-20 21:41:51',	NULL),
(405,	1,	'2023-04-20 21:41:51',	NULL),
(406,	1,	'2023-04-20 21:41:51',	NULL),
(407,	1,	'2023-04-20 21:41:51',	NULL),
(408,	1,	'2023-04-20 21:41:51',	NULL),
(409,	4,	'2023-04-20 21:41:51',	NULL),
(410,	1,	'2023-04-20 21:41:51',	NULL),
(411,	3,	'2023-04-20 21:41:51',	NULL),
(412,	4,	'2023-04-20 21:41:51',	NULL),
(413,	4,	'2023-04-20 21:41:51',	NULL),
(414,	1,	'2023-04-20 21:41:51',	NULL),
(415,	1,	'2023-04-20 21:41:51',	NULL),
(416,	3,	'2023-04-20 21:41:51',	NULL),
(417,	1,	'2023-04-20 21:41:51',	NULL),
(418,	3,	'2023-04-20 21:41:51',	NULL),
(419,	3,	'2023-04-20 21:41:51',	NULL),
(420,	3,	'2023-04-20 21:41:51',	NULL),
(421,	1,	'2023-04-20 21:41:51',	NULL),
(421,	2,	'2023-04-20 21:41:51',	NULL),
(421,	3,	'2023-04-20 21:41:51',	NULL),
(421,	4,	'2023-04-20 21:41:51',	NULL),
(422,	1,	'2023-04-20 21:41:51',	NULL),
(422,	2,	'2023-04-20 21:41:51',	NULL),
(422,	3,	'2023-04-20 21:41:51',	NULL),
(422,	4,	'2023-04-20 21:41:51',	NULL),
(423,	3,	'2023-04-20 21:41:51',	NULL),
(424,	4,	'2023-04-20 21:41:51',	NULL),
(425,	3,	'2023-04-20 21:41:51',	NULL),
(426,	3,	'2023-04-20 21:41:51',	NULL),
(427,	1,	'2023-04-20 21:41:51',	NULL),
(428,	3,	'2023-04-20 21:41:51',	NULL),
(429,	1,	'2023-04-20 21:41:51',	NULL),
(430,	1,	'2023-04-20 21:41:51',	NULL),
(431,	3,	'2023-04-20 21:41:51',	NULL),
(432,	1,	'2023-04-20 21:41:51',	NULL),
(433,	1,	'2023-04-20 21:41:51',	NULL),
(434,	1,	'2023-04-20 21:41:51',	NULL),
(435,	1,	'2023-04-20 21:41:51',	NULL),
(436,	3,	'2023-04-20 21:41:51',	NULL),
(437,	3,	'2023-04-20 21:41:51',	NULL),
(438,	3,	'2023-04-20 21:41:51',	NULL),
(439,	4,	'2023-04-20 21:41:51',	NULL),
(440,	3,	'2023-04-20 21:41:51',	NULL),
(441,	4,	'2023-04-20 21:41:51',	NULL),
(442,	4,	'2023-04-20 21:41:51',	NULL),
(443,	4,	'2023-04-20 21:41:51',	NULL),
(444,	4,	'2023-04-20 21:41:51',	NULL),
(445,	4,	'2023-04-20 21:41:51',	NULL),
(446,	1,	'2023-04-20 21:41:51',	NULL),
(447,	4,	'2023-04-20 21:41:51',	NULL),
(448,	4,	'2023-04-20 21:41:51',	NULL),
(449,	3,	'2023-04-20 21:41:51',	NULL),
(450,	1,	'2023-04-20 21:41:52',	NULL),
(450,	4,	'2023-04-20 21:41:52',	NULL),
(451,	3,	'2023-04-20 21:41:52',	NULL),
(452,	4,	'2023-04-20 21:41:52',	NULL),
(453,	4,	'2023-04-20 21:41:52',	NULL),
(454,	4,	'2023-04-20 21:41:52',	NULL),
(455,	1,	'2023-04-20 21:41:52',	NULL),
(456,	4,	'2023-04-20 21:41:52',	NULL),
(457,	1,	'2023-04-20 21:41:52',	NULL),
(458,	3,	'2023-04-20 21:41:52',	NULL),
(459,	3,	'2023-04-20 21:41:52',	NULL),
(460,	3,	'2023-04-20 21:41:52',	NULL),
(461,	1,	'2023-04-20 21:41:52',	NULL),
(461,	4,	'2023-04-20 21:41:52',	NULL),
(462,	4,	'2023-04-20 21:41:52',	NULL),
(463,	1,	'2023-04-20 21:41:52',	NULL),
(464,	1,	'2023-04-20 21:41:52',	NULL),
(465,	1,	'2023-04-20 21:41:52',	NULL),
(466,	1,	'2023-04-20 21:41:52',	NULL),
(467,	1,	'2023-04-20 21:41:52',	NULL),
(467,	4,	'2023-04-20 21:41:52',	NULL),
(468,	1,	'2023-04-20 21:41:52',	NULL),
(469,	1,	'2023-04-20 21:41:52',	NULL),
(470,	1,	'2023-04-20 21:41:52',	NULL),
(471,	1,	'2023-04-20 21:41:52',	NULL),
(472,	1,	'2023-04-20 21:41:52',	NULL),
(473,	4,	'2023-04-20 21:41:52',	NULL),
(474,	4,	'2023-04-20 21:41:52',	NULL),
(475,	4,	'2023-04-20 21:41:52',	NULL),
(476,	4,	'2023-04-20 21:41:52',	NULL),
(477,	4,	'2023-04-20 21:41:52',	NULL),
(478,	4,	'2023-04-20 21:41:52',	NULL),
(479,	4,	'2023-04-20 21:41:52',	NULL),
(480,	1,	'2023-04-20 21:41:52',	NULL),
(480,	2,	'2023-04-20 21:41:52',	NULL),
(480,	3,	'2023-04-20 21:41:52',	NULL),
(480,	4,	'2023-04-20 21:41:52',	NULL),
(481,	1,	'2023-04-20 21:41:52',	NULL),
(481,	2,	'2023-04-20 21:41:52',	NULL),
(481,	3,	'2023-04-20 21:41:52',	NULL),
(481,	4,	'2023-04-20 21:41:52',	NULL),
(482,	1,	'2023-04-20 21:41:52',	NULL),
(482,	4,	'2023-04-20 21:41:52',	NULL),
(483,	1,	'2023-04-20 21:41:52',	NULL),
(483,	4,	'2023-04-20 21:41:52',	NULL),
(484,	2,	'2023-04-20 21:41:52',	NULL),
(485,	1,	'2023-04-20 21:41:52',	NULL),
(486,	3,	'2023-04-20 21:41:52',	NULL),
(487,	1,	'2023-04-20 21:41:52',	NULL),
(488,	1,	'2023-04-20 21:41:52',	NULL),
(489,	3,	'2023-04-20 21:41:52',	NULL),
(490,	3,	'2023-04-20 21:41:52',	NULL),
(491,	3,	'2023-04-20 21:41:52',	NULL),
(492,	3,	'2023-04-20 21:41:52',	NULL),
(493,	3,	'2023-04-20 21:41:52',	NULL),
(494,	3,	'2023-04-20 21:41:52',	NULL),
(495,	1,	'2023-04-20 21:44:26',	NULL),
(495,	2,	'2023-04-20 21:44:26',	NULL),
(495,	4,	'2023-04-20 21:44:26',	NULL);

TRUNCATE `region`;
INSERT INTO `region` (`id`, `created_at`, `deleted_at`, `name`, `upper_region_id`) VALUES
(1,	'2023-04-20 20:23:54',	NULL,	'서울',	NULL),
(2,	'2023-04-20 20:23:54',	NULL,	'경기',	NULL),
(3,	'2023-04-20 20:23:54',	NULL,	'대전',	NULL),
(4,	'2023-04-20 20:23:54',	NULL,	'대구',	NULL),
(5,	'2023-04-20 20:23:54',	NULL,	'부산',	NULL),
(6,	'2023-04-20 20:23:54',	NULL,	'충남',	NULL),
(7,	'2023-04-20 20:23:54',	NULL,	'인천',	NULL),
(8,	'2023-04-20 20:23:54',	NULL,	'강원',	NULL),
(9,	'2023-04-20 20:23:54',	NULL,	'제주',	NULL),
(10,	'2023-04-20 20:23:54',	NULL,	'전북',	NULL),
(11,	'2023-04-20 20:23:54',	NULL,	'경남',	NULL),
(12,	'2023-04-20 20:23:54',	NULL,	'경북',	NULL),
(13,	'2023-04-20 20:23:54',	NULL,	'울산',	NULL);

TRUNCATE `tag`;
INSERT INTO `tag` (`id`, `created_at`, `deleted_at`, `name`) VALUES
(1,	'2023-04-20 20:07:43',	NULL,	'Welcome to NCT Universe'),
(2,	'2023-04-20 20:07:43',	NULL,	'성쇼 오늘무해?!'),
(3,	'2023-04-20 20:07:43',	NULL,	'NCT 127 24hr RELAY CAM'),
(4,	'2023-04-20 20:07:43',	NULL,	'아궁빵직영점'),
(5,	'2023-04-20 20:07:43',	NULL,	'드림바이브'),
(6,	'2023-04-20 20:07:43',	NULL,	'Johnny’s Communication Center (JCC)'),
(7,	'2023-04-20 20:07:43',	NULL,	'WayV-log'),
(8,	'2023-04-20 20:07:43',	NULL,	'Beautiful'),
(9,	'2023-04-20 20:07:43',	NULL,	'WayV-ariety'),
(10,	'2023-04-20 20:07:43',	NULL,	'천지의 이것저것'),
(11,	'2023-04-20 20:07:43',	NULL,	'제대로 재밌게'),
(12,	'2023-04-20 20:07:43',	NULL,	'NCT WORLD 2.0'),
(13,	'2023-04-20 20:07:43',	NULL,	'NCT LIFE in 가평'),
(14,	'2023-04-20 20:07:43',	NULL,	'엔시티 라이프'),
(15,	'2023-04-20 20:07:43',	NULL,	'디어엠 DearM'),
(16,	'2023-04-20 20:07:43',	NULL,	'지성 브이로그'),
(17,	'2023-04-20 20:07:43',	NULL,	'김정우의 이 사람을 찾아서'),
(18,	'2023-04-20 20:07:43',	NULL,	'일상의 재현'),
(19,	'2023-04-20 20:07:43',	NULL,	'태용이의탐구생활'),
(20,	'2023-04-20 20:07:43',	NULL,	'WayVision2'),
(21,	'2023-04-20 20:07:43',	NULL,	'We Go Up'),
(22,	'2023-04-20 20:07:43',	NULL,	'Regular_Irregular'),
(23,	'2023-04-20 20:07:43',	NULL,	'심야카페 시즌3'),
(24,	'2023-04-20 20:07:43',	NULL,	'From Home'),
(25,	'2023-04-20 20:07:43',	NULL,	'WayVision'),
(26,	'2023-04-20 20:07:43',	NULL,	'원하는대로'),
(27,	'2023-04-20 20:07:43',	NULL,	'부:QUEST'),
(28,	'2023-04-20 20:07:43',	NULL,	'NCT LIFE : DREAM in Wonderland'),
(29,	'2023-04-20 20:07:43',	NULL,	'SM루키즈'),
(30,	'2023-04-20 20:07:43',	NULL,	'NCT LIFE in 춘천&홍천'),
(31,	'2023-04-20 20:07:43',	NULL,	'재민&제노 자전거 여행'),
(32,	'2023-04-20 20:07:43',	NULL,	'재민&제노 배틀트립'),
(33,	'2023-04-20 20:07:43',	NULL,	'안녕서울'),
(34,	'2023-04-20 20:07:43',	NULL,	'공공즈는 사랑'),
(35,	'2023-04-20 20:07:43',	NULL,	'DNYL'),
(36,	'2023-04-20 20:07:43',	NULL,	'나나의 소소한 영상 모음집'),
(37,	'2023-04-20 20:07:43',	NULL,	'ROAD TO JAPAN'),
(38,	'2023-04-20 20:07:43',	NULL,	'Hot&Young 서울여행'),
(39,	'2023-04-20 20:07:43',	NULL,	'JJDATE'),
(40,	'2023-04-20 20:07:43',	NULL,	'127 BOY VIDEO'),
(41,	'2023-04-20 20:07:43',	NULL,	'DREAM BOY VIDEO'),
(42,	'2023-04-20 20:07:43',	NULL,	'너싫방');

TRUNCATE `tag_place`;

TRUNCATE `tour`;

TRUNCATE `tourist`;

TRUNCATE `tour_notification`;

TRUNCATE `tour_place`;

TRUNCATE `unit`;
INSERT INTO `unit` (`id`, `created_at`, `deleted_at`, `name`) VALUES
(1,	'2023-04-20 20:14:04',	NULL,	'NCT 127'),
(2,	'2023-04-20 20:14:04',	NULL,	'WayV'),
(3,	'2023-04-20 20:14:04',	NULL,	'NCT'),
(4,	'2023-04-20 20:14:04',	NULL,	'NCT DREAM');

TRUNCATE `unit_member`;

TRUNCATE `user`;
INSERT INTO `user` (`id`, `created_at`, `deleted_at`, `display_name`, `email`, `fcm_token`, `role`, `twitter_id`) VALUES
('2ab7b8e0-5cce-4ec4-85b0-0deb8f7ffc91',	'2023-04-19 00:00:23',	NULL,	'Kandra Thiel',	'nicky.rice@yahoo.com',	NULL,	'USER',	'Mrs. Rene Smitham'),
('3cc05e8c-227b-4941-ab70-2345fdec1019',	'2023-04-20 21:18:41',	NULL,	'Sommer Gleichner',	'isaac.mcglynn@gmail.com',	NULL,	'ADMIN',	'Malia Hickle'),
('73fce347-6e4c-43a7-854b-bf318617a615',	'2023-04-20 21:18:21',	NULL,	'Merissa Hoeger',	'debbie.hane@hotmail.com',	NULL,	'USER',	'Carmelo Runolfsson');

-- 2023-04-20 12:46:41
